"","Kingdom","phyla","class","family","genus","species","unique"
"Ferroglobus","Archaea","Euryarchaeota","Archaeoglobi","Archaeoglobales","Archaeoglobaceae","Ferroglobus","Ferroglobus"
"Methanomassiliicoccus","Archaea","Euryarchaeota","Thermoplasmata","Methanomassiliicoccales","Methanomassiliicoccaceae","Methanomassiliicoccus","Methanomassiliicoccus"
"Thermogymnomonas","Archaea","Euryarchaeota","Thermoplasmata","Thermoplasmatales","Thermoplasmatales_incertae_sedis","Thermogymnomonas","Thermogymnomonas"
"Pacearchaeota Incertae Sedis AR13","Archaea","Pacearchaeota","Pacearchaeota Incertae Sedis AR13","Pacearchaeota Incertae Sedis AR13","Pacearchaeota Incertae Sedis AR13","Pacearchaeota Incertae Sedis AR13","Pacearchaeota Incertae Sedis AR13"
"Nitrosopumilus","Archaea","Thaumarchaeota","Nitrosopumilales","Nitrosopumilales","Nitrosopumilaceae","Nitrosopumilus","Nitrosopumilus"
"Woesearchaeota Incertae Sedis AR15","Archaea","Woesearchaeota","Woesearchaeota Incertae Sedis AR15","Woesearchaeota Incertae Sedis AR15","Woesearchaeota Incertae Sedis AR15","Woesearchaeota Incertae Sedis AR15","Woesearchaeota Incertae Sedis AR15"
"Gp10","Bacteria","Acidobacteria","Acidobacteria_Gp10","Gp10","Gp10","Gp10","Gp10"
"Gp22","Bacteria","Acidobacteria","Acidobacteria_Gp22","Gp22","Gp22","Gp22","Gp22"
"Thermoanaerobaculum","Bacteria","Acidobacteria","Acidobacteria_Gp23","Thermoanaerobaculum","Thermoanaerobaculum","Thermoanaerobaculum","Thermoanaerobaculum"
"Bryobacter","Bacteria","Acidobacteria","Acidobacteria_Gp3","Bryobacter","Bryobacter","Bryobacter","Bryobacter"
"Paludibaculum","Bacteria","Acidobacteria","Acidobacteria_Gp3","Paludibaculum","Paludibaculum","Paludibaculum","Paludibaculum"
"Acanthopleuribacter","Bacteria","Acidobacteria","Holophagae","Acanthopleuribacterales","Acanthopleuribacteraceae","Acanthopleuribacter","Acanthopleuribacter"
"Ferrimicrobium","Bacteria","Actinobacteria","Actinobacteria","Acidimicrobiales","Acidimicrobiaceae","Ferrimicrobium","Ferrimicrobium"
"Ilumatobacter","Bacteria","Actinobacteria","Actinobacteria","Acidimicrobiales","Acidimicrobiaceae","Ilumatobacter","Ilumatobacter"
"Aciditerrimonas","Bacteria","Actinobacteria","Actinobacteria","Acidimicrobiales","Acidimicrobineae_incertae_sedis","Aciditerrimonas","Aciditerrimonas"
"Aquihabitans","Bacteria","Actinobacteria","Actinobacteria","Acidimicrobiales","Iamiaceae","Aquihabitans","Aquihabitans"
"Iamia","Bacteria","Actinobacteria","Actinobacteria","Acidimicrobiales","Iamiaceae","Iamia","Iamia"
"Acidothermus","Bacteria","Actinobacteria","Actinobacteria","Actinomycetales","Acidothermaceae","Acidothermus","Acidothermus"
"Oceanitalea","Bacteria","Actinobacteria","Actinobacteria","Actinomycetales","Bogoriellaceae","Oceanitalea","Oceanitalea"
"Sediminihabitans","Bacteria","Actinobacteria","Actinobacteria","Actinomycetales","Cellulomonadaceae","Sediminihabitans","Sediminihabitans"
"Corynebacterium","Bacteria","Actinobacteria","Actinobacteria","Actinomycetales","Corynebacteriaceae","Corynebacterium","Corynebacterium"
"Haloglycomyces","Bacteria","Actinobacteria","Actinobacteria","Actinomycetales","Glycomycetaceae","Haloglycomyces","Haloglycomyces"
"Terracoccus","Bacteria","Actinobacteria","Actinobacteria","Actinomycetales","Intrasporangiaceae","Terracoccus","Terracoccus"
"Clavibacter","Bacteria","Actinobacteria","Actinobacteria","Actinomycetales","Microbacteriaceae","Clavibacter","Clavibacter"
"Leifsonia","Bacteria","Actinobacteria","Actinobacteria","Actinomycetales","Microbacteriaceae","Leifsonia","Leifsonia"
"Pontimonas","Bacteria","Actinobacteria","Actinobacteria","Actinomycetales","Microbacteriaceae","Pontimonas","Pontimonas"
"Rhodoluna","Bacteria","Actinobacteria","Actinobacteria","Actinomycetales","Microbacteriaceae","Rhodoluna","Rhodoluna"
"Micropruina","Bacteria","Actinobacteria","Actinobacteria","Actinomycetales","Propionibacteriaceae","Micropruina","Micropruina"
"Propionibacterium","Bacteria","Actinobacteria","Actinobacteria","Actinomycetales","Propionibacteriaceae","Propionibacterium","Propionibacterium"
"Conexibacter","Bacteria","Actinobacteria","Actinobacteria","Solirubrobacterales","Conexibacteraceae","Conexibacter","Conexibacter"
"Thermosulfidibacter","Bacteria","Aquificae","Aquificae","Aquificales","Aquificales_incertae_sedis","Thermosulfidibacter","Thermosulfidibacter"
"Hydrogenothermus","Bacteria","Aquificae","Aquificae","Aquificales","Hydrogenothermaceae","Hydrogenothermus","Hydrogenothermus"
"Venenivibrio","Bacteria","Aquificae","Aquificae","Aquificales","Hydrogenothermaceae","Venenivibrio","Venenivibrio"
"Marinifilum","Bacteria","Bacteroidetes","Bacteroidetes_incertae_sedis","Marinifilum","Marinifilum","Marinifilum","Marinifilum"
"Saccharicrinis","Bacteria","Bacteroidetes","Bacteroidia","Bacteroidales","Marinilabiliaceae","Saccharicrinis","Saccharicrinis"
"Draconibacterium","Bacteria","Bacteroidetes","Bacteroidia","Bacteroidales","Prolixibacteraceae","Draconibacterium","Draconibacterium"
"Mariniphaga","Bacteria","Bacteroidetes","Bacteroidia","Bacteroidales","Prolixibacteraceae","Mariniphaga","Mariniphaga"
"Prolixibacter","Bacteria","Bacteroidetes","Bacteroidia","Bacteroidales","Prolixibacteraceae","Prolixibacter","Prolixibacter"
"Tangfeifania","Bacteria","Bacteroidetes","Bacteroidia","Bacteroidales","Prolixibacteraceae","Tangfeifania","Tangfeifania"
"Catalinimonas","Bacteria","Bacteroidetes","Cytophagia","Cytophagales","Catalimonadaceae","Catalinimonas","Catalinimonas"
"Chryseolinea","Bacteria","Bacteroidetes","Cytophagia","Cytophagales","Chryseolinea","Chryseolinea","Chryseolinea"
"Aquiflexum","Bacteria","Bacteroidetes","Cytophagia","Cytophagales","Cyclobacteriaceae","Aquiflexum","Aquiflexum"
"Nitritalea","Bacteria","Bacteroidetes","Cytophagia","Cytophagales","Cyclobacteriaceae","Nitritalea","Nitritalea"
"Shivajiella","Bacteria","Bacteroidetes","Cytophagia","Cytophagales","Cyclobacteriaceae","Shivajiella","Shivajiella"
"Adhaeribacter","Bacteria","Bacteroidetes","Cytophagia","Cytophagales","Cytophagaceae","Adhaeribacter","Adhaeribacter"
"Ekhidna","Bacteria","Bacteroidetes","Cytophagia","Cytophagales","Cytophagaceae","Ekhidna","Ekhidna"
"Fluviimonas","Bacteria","Bacteroidetes","Cytophagia","Cytophagales","Cytophagaceae","Fluviimonas","Fluviimonas"
"Microscilla","Bacteria","Bacteroidetes","Cytophagia","Cytophagales","Cytophagaceae","Microscilla","Microscilla"
"Nibribacter","Bacteria","Bacteroidetes","Cytophagia","Cytophagales","Cytophagaceae","Nibribacter","Nibribacter"
"Pseudarcicella","Bacteria","Bacteroidetes","Cytophagia","Cytophagales","Cytophagaceae","Pseudarcicella","Pseudarcicella"
"Rhodonellum","Bacteria","Bacteroidetes","Cytophagia","Cytophagales","Cytophagaceae","Rhodonellum","Rhodonellum"
"Sporocytophaga","Bacteria","Bacteroidetes","Cytophagia","Cytophagales","Cytophagaceae","Sporocytophaga","Sporocytophaga"
"Aureibacter","Bacteria","Bacteroidetes","Cytophagia","Cytophagales","Flammeovirgaceae","Aureibacter","Aureibacter"
"Cesiribacter","Bacteria","Bacteroidetes","Cytophagia","Cytophagales","Flammeovirgaceae","Cesiribacter","Cesiribacter"
"Fabibacter","Bacteria","Bacteroidetes","Cytophagia","Cytophagales","Flammeovirgaceae","Fabibacter","Fabibacter"
"Flammeovirga","Bacteria","Bacteroidetes","Cytophagia","Cytophagales","Flammeovirgaceae","Flammeovirga","Flammeovirga"
"Fulvivirga","Bacteria","Bacteroidetes","Cytophagia","Cytophagales","Flammeovirgaceae","Fulvivirga","Fulvivirga"
"Imperialibacter","Bacteria","Bacteroidetes","Cytophagia","Cytophagales","Flammeovirgaceae","Imperialibacter","Imperialibacter"
"Marinoscillum","Bacteria","Bacteroidetes","Cytophagia","Cytophagales","Flammeovirgaceae","Marinoscillum","Marinoscillum"
"Nafulsella","Bacteria","Bacteroidetes","Cytophagia","Cytophagales","Flammeovirgaceae","Nafulsella","Nafulsella"
"Rapidithrix","Bacteria","Bacteroidetes","Cytophagia","Cytophagales","Flammeovirgaceae","Rapidithrix","Rapidithrix"
"Reichenbachiella","Bacteria","Bacteroidetes","Cytophagia","Cytophagales","Flammeovirgaceae","Reichenbachiella","Reichenbachiella"
"Roseivirga","Bacteria","Bacteroidetes","Cytophagia","Cytophagales","Flammeovirgaceae","Roseivirga","Roseivirga"
"Mooreia","Bacteria","Bacteroidetes","Cytophagia","Cytophagales","Mooreiaceae","Mooreia","Mooreia"
"Brumimicrobium","Bacteria","Bacteroidetes","Flavobacteriia","Flavobacteriales","Cryomorphaceae","Brumimicrobium","Brumimicrobium"
"Crocinitomix","Bacteria","Bacteroidetes","Flavobacteriia","Flavobacteriales","Cryomorphaceae","Crocinitomix","Crocinitomix"
"Cryomorpha","Bacteria","Bacteroidetes","Flavobacteriia","Flavobacteriales","Cryomorphaceae","Cryomorpha","Cryomorpha"
"Fluviicola","Bacteria","Bacteroidetes","Flavobacteriia","Flavobacteriales","Cryomorphaceae","Fluviicola","Fluviicola"
"Lishizhenia","Bacteria","Bacteroidetes","Flavobacteriia","Flavobacteriales","Cryomorphaceae","Lishizhenia","Lishizhenia"
"Luteibaculum","Bacteria","Bacteroidetes","Flavobacteriia","Flavobacteriales","Cryomorphaceae","Luteibaculum","Luteibaculum"
"Owenweeksia","Bacteria","Bacteroidetes","Flavobacteriia","Flavobacteriales","Cryomorphaceae","Owenweeksia","Owenweeksia"
"Phaeocystidibacter","Bacteria","Bacteroidetes","Flavobacteriia","Flavobacteriales","Cryomorphaceae","Phaeocystidibacter","Phaeocystidibacter"
"Salinirepens","Bacteria","Bacteroidetes","Flavobacteriia","Flavobacteriales","Cryomorphaceae","Salinirepens","Salinirepens"
"Wandonia","Bacteria","Bacteroidetes","Flavobacteriia","Flavobacteriales","Cryomorphaceae","Wandonia","Wandonia"
"Actibacter","Bacteria","Bacteroidetes","Flavobacteriia","Flavobacteriales","Flavobacteriaceae","Actibacter","Actibacter"
"Aequorivita","Bacteria","Bacteroidetes","Flavobacteriia","Flavobacteriales","Flavobacteriaceae","Aequorivita","Aequorivita"
"Algibacter","Bacteria","Bacteroidetes","Flavobacteriia","Flavobacteriales","Flavobacteriaceae","Algibacter","Algibacter"
"Aquibacter","Bacteria","Bacteroidetes","Flavobacteriia","Flavobacteriales","Flavobacteriaceae","Aquibacter","Aquibacter"
"Aquimarina","Bacteria","Bacteroidetes","Flavobacteriia","Flavobacteriales","Flavobacteriaceae","Aquimarina","Aquimarina"
"Aureitalea","Bacteria","Bacteroidetes","Flavobacteriia","Flavobacteriales","Flavobacteriaceae","Aureitalea","Aureitalea"
"Cellulophaga","Bacteria","Bacteroidetes","Flavobacteriia","Flavobacteriales","Flavobacteriaceae","Cellulophaga","Cellulophaga"
"Chishuiella","Bacteria","Bacteroidetes","Flavobacteriia","Flavobacteriales","Flavobacteriaceae","Chishuiella","Chishuiella"
"Croceibacter","Bacteria","Bacteroidetes","Flavobacteriia","Flavobacteriales","Flavobacteriaceae","Croceibacter","Croceibacter"
"Croceitalea","Bacteria","Bacteroidetes","Flavobacteriia","Flavobacteriales","Flavobacteriaceae","Croceitalea","Croceitalea"
"Dokdonia","Bacteria","Bacteroidetes","Flavobacteriia","Flavobacteriales","Flavobacteriaceae","Dokdonia","Dokdonia"
"Eudoraea","Bacteria","Bacteroidetes","Flavobacteriia","Flavobacteriales","Flavobacteriaceae","Eudoraea","Eudoraea"
"Flagellimonas","Bacteria","Bacteroidetes","Flavobacteriia","Flavobacteriales","Flavobacteriaceae","Flagellimonas","Flagellimonas"
"Flavicella","Bacteria","Bacteroidetes","Flavobacteriia","Flavobacteriales","Flavobacteriaceae","Flavicella","Flavicella"
"Flavimarina","Bacteria","Bacteroidetes","Flavobacteriia","Flavobacteriales","Flavobacteriaceae","Flavimarina","Flavimarina"
"Flavirhabdus","Bacteria","Bacteroidetes","Flavobacteriia","Flavobacteriales","Flavobacteriaceae","Flavirhabdus","Flavirhabdus"
"Flavivirga","Bacteria","Bacteroidetes","Flavobacteriia","Flavobacteriales","Flavobacteriaceae","Flavivirga","Flavivirga"
"Flavobacterium","Bacteria","Bacteroidetes","Flavobacteriia","Flavobacteriales","Flavobacteriaceae","Flavobacterium","Flavobacterium"
"Formosa","Bacteria","Bacteroidetes","Flavobacteriia","Flavobacteriales","Flavobacteriaceae","Formosa","Formosa"
"Fulvibacter","Bacteria","Bacteroidetes","Flavobacteriia","Flavobacteriales","Flavobacteriaceae","Fulvibacter","Fulvibacter"
"Gaetbulimicrobium","Bacteria","Bacteroidetes","Flavobacteriia","Flavobacteriales","Flavobacteriaceae","Gaetbulimicrobium","Gaetbulimicrobium"
"Galbibacter","Bacteria","Bacteroidetes","Flavobacteriia","Flavobacteriales","Flavobacteriaceae","Galbibacter","Galbibacter"
"Gilvibacter","Bacteria","Bacteroidetes","Flavobacteriia","Flavobacteriales","Flavobacteriaceae","Gilvibacter","Gilvibacter"
"Gramella","Bacteria","Bacteroidetes","Flavobacteriia","Flavobacteriales","Flavobacteriaceae","Gramella","Gramella"
"Hanstruepera","Bacteria","Bacteroidetes","Flavobacteriia","Flavobacteriales","Flavobacteriaceae","Hanstruepera","Hanstruepera"
"Hyunsoonleella","Bacteria","Bacteroidetes","Flavobacteriia","Flavobacteriales","Flavobacteriaceae","Hyunsoonleella","Hyunsoonleella"
"Joostella","Bacteria","Bacteroidetes","Flavobacteriia","Flavobacteriales","Flavobacteriaceae","Joostella","Joostella"
"Kordia","Bacteria","Bacteroidetes","Flavobacteriia","Flavobacteriales","Flavobacteriaceae","Kordia","Kordia"
"Lacinutrix","Bacteria","Bacteroidetes","Flavobacteriia","Flavobacteriales","Flavobacteriaceae","Lacinutrix","Lacinutrix"
"Leptobacterium","Bacteria","Bacteroidetes","Flavobacteriia","Flavobacteriales","Flavobacteriaceae","Leptobacterium","Leptobacterium"
"Lutaonella","Bacteria","Bacteroidetes","Flavobacteriia","Flavobacteriales","Flavobacteriaceae","Lutaonella","Lutaonella"
"Lutibacter","Bacteria","Bacteroidetes","Flavobacteriia","Flavobacteriales","Flavobacteriaceae","Lutibacter","Lutibacter"
"Lutimonas","Bacteria","Bacteroidetes","Flavobacteriia","Flavobacteriales","Flavobacteriaceae","Lutimonas","Lutimonas"
"Maribacter","Bacteria","Bacteroidetes","Flavobacteriia","Flavobacteriales","Flavobacteriaceae","Maribacter","Maribacter"
"Maritimimonas","Bacteria","Bacteroidetes","Flavobacteriia","Flavobacteriales","Flavobacteriaceae","Maritimimonas","Maritimimonas"
"Marixanthomonas","Bacteria","Bacteroidetes","Flavobacteriia","Flavobacteriales","Flavobacteriaceae","Marixanthomonas","Marixanthomonas"
"Meridianimaribacter","Bacteria","Bacteroidetes","Flavobacteriia","Flavobacteriales","Flavobacteriaceae","Meridianimaribacter","Meridianimaribacter"
"Moheibacter","Bacteria","Bacteroidetes","Flavobacteriia","Flavobacteriales","Flavobacteriaceae","Moheibacter","Moheibacter"
"Muricauda","Bacteria","Bacteroidetes","Flavobacteriia","Flavobacteriales","Flavobacteriaceae","Muricauda","Muricauda"
"Muriicola","Bacteria","Bacteroidetes","Flavobacteriia","Flavobacteriales","Flavobacteriaceae","Muriicola","Muriicola"
"Namhaeicola","Bacteria","Bacteroidetes","Flavobacteriia","Flavobacteriales","Flavobacteriaceae","Namhaeicola","Namhaeicola"
"Nonlabens","Bacteria","Bacteroidetes","Flavobacteriia","Flavobacteriales","Flavobacteriaceae","Nonlabens","Nonlabens"
"Olleya","Bacteria","Bacteroidetes","Flavobacteriia","Flavobacteriales","Flavobacteriaceae","Olleya","Olleya"
"Polaribacter","Bacteria","Bacteroidetes","Flavobacteriia","Flavobacteriales","Flavobacteriaceae","Polaribacter","Polaribacter"
"Pseudofulvibacter","Bacteria","Bacteroidetes","Flavobacteriia","Flavobacteriales","Flavobacteriaceae","Pseudofulvibacter","Pseudofulvibacter"
"Psychroflexus","Bacteria","Bacteroidetes","Flavobacteriia","Flavobacteriales","Flavobacteriaceae","Psychroflexus","Psychroflexus"
"Robiginitalea","Bacteria","Bacteroidetes","Flavobacteriia","Flavobacteriales","Flavobacteriaceae","Robiginitalea","Robiginitalea"
"Seonamhaeicola","Bacteria","Bacteroidetes","Flavobacteriia","Flavobacteriales","Flavobacteriaceae","Seonamhaeicola","Seonamhaeicola"
"Siansivirga","Bacteria","Bacteroidetes","Flavobacteriia","Flavobacteriales","Flavobacteriaceae","Siansivirga","Siansivirga"
"Soonwooa","Bacteria","Bacteroidetes","Flavobacteriia","Flavobacteriales","Flavobacteriaceae","Soonwooa","Soonwooa"
"Spongiibacterium","Bacteria","Bacteroidetes","Flavobacteriia","Flavobacteriales","Flavobacteriaceae","Spongiibacterium","Spongiibacterium"
"Spongiimonas","Bacteria","Bacteroidetes","Flavobacteriia","Flavobacteriales","Flavobacteriaceae","Spongiimonas","Spongiimonas"
"Spongiivirga","Bacteria","Bacteroidetes","Flavobacteriia","Flavobacteriales","Flavobacteriaceae","Spongiivirga","Spongiivirga"
"Tamlana","Bacteria","Bacteroidetes","Flavobacteriia","Flavobacteriales","Flavobacteriaceae","Tamlana","Tamlana"
"Tenacibaculum","Bacteria","Bacteroidetes","Flavobacteriia","Flavobacteriales","Flavobacteriaceae","Tenacibaculum","Tenacibaculum"
"Ulvibacter","Bacteria","Bacteroidetes","Flavobacteriia","Flavobacteriales","Flavobacteriaceae","Ulvibacter","Ulvibacter"
"Wenyingzhuangia","Bacteria","Bacteroidetes","Flavobacteriia","Flavobacteriales","Flavobacteriaceae","Wenyingzhuangia","Wenyingzhuangia"
"Winogradskyella","Bacteria","Bacteroidetes","Flavobacteriia","Flavobacteriales","Flavobacteriaceae","Winogradskyella","Winogradskyella"
"Yeosuana","Bacteria","Bacteroidetes","Flavobacteriia","Flavobacteriales","Flavobacteriaceae","Yeosuana","Yeosuana"
"Zeaxanthinibacter","Bacteria","Bacteroidetes","Flavobacteriia","Flavobacteriales","Flavobacteriaceae","Zeaxanthinibacter","Zeaxanthinibacter"
"Asinibacterium","Bacteria","Bacteroidetes","Sphingobacteriia","Sphingobacteriales","Chitinophagaceae","Asinibacterium","Asinibacterium"
"Balneola","Bacteria","Bacteroidetes","Sphingobacteriia","Sphingobacteriales","Chitinophagaceae","Balneola","Balneola"
"Cnuella","Bacteria","Bacteroidetes","Sphingobacteriia","Sphingobacteriales","Chitinophagaceae","Cnuella","Cnuella"
"Ferruginibacter","Bacteria","Bacteroidetes","Sphingobacteriia","Sphingobacteriales","Chitinophagaceae","Ferruginibacter","Ferruginibacter"
"Gracilimonas","Bacteria","Bacteroidetes","Sphingobacteriia","Sphingobacteriales","Chitinophagaceae","Gracilimonas","Gracilimonas"
"Hydrobacter","Bacteria","Bacteroidetes","Sphingobacteriia","Sphingobacteriales","Chitinophagaceae","Hydrobacter","Hydrobacter"
"Parafilimonas","Bacteria","Bacteroidetes","Sphingobacteriia","Sphingobacteriales","Chitinophagaceae","Parafilimonas","Parafilimonas"
"Taibaiella","Bacteria","Bacteroidetes","Sphingobacteriia","Sphingobacteriales","Chitinophagaceae","Taibaiella","Taibaiella"
"Terrimonas","Bacteria","Bacteroidetes","Sphingobacteriia","Sphingobacteriales","Chitinophagaceae","Terrimonas","Terrimonas"
"Thermoflavifilum","Bacteria","Bacteroidetes","Sphingobacteriia","Sphingobacteriales","Chitinophagaceae","Thermoflavifilum","Thermoflavifilum"
"Rubricoccus","Bacteria","Bacteroidetes","Sphingobacteriia","Sphingobacteriales","Rhodothermaceae","Rubricoccus","Rubricoccus"
"Rubrivirga","Bacteria","Bacteroidetes","Sphingobacteriia","Sphingobacteriales","Rhodothermaceae","Rubrivirga","Rubrivirga"
"Salinibacter","Bacteria","Bacteroidetes","Sphingobacteriia","Sphingobacteriales","Rhodothermaceae","Salinibacter","Salinibacter"
"Salisaeta","Bacteria","Bacteroidetes","Sphingobacteriia","Sphingobacteriales","Rhodothermaceae","Salisaeta","Salisaeta"
"Haliscomenobacter","Bacteria","Bacteroidetes","Sphingobacteriia","Sphingobacteriales","Saprospiraceae","Haliscomenobacter","Haliscomenobacter"
"Lewinella","Bacteria","Bacteroidetes","Sphingobacteriia","Sphingobacteriales","Saprospiraceae","Lewinella","Lewinella"
"Phaeodactylibacter","Bacteria","Bacteroidetes","Sphingobacteriia","Sphingobacteriales","Saprospiraceae","Phaeodactylibacter","Phaeodactylibacter"
"Portibacter","Bacteria","Bacteroidetes","Sphingobacteriia","Sphingobacteriales","Saprospiraceae","Portibacter","Portibacter"
"Solitalea","Bacteria","Bacteroidetes","Sphingobacteriia","Sphingobacteriales","Sphingobacteriaceae","Solitalea","Solitalea"
"BRC1_genera_incertae_sedis","Bacteria","BRC1","BRC1_genera_incertae_sedis","BRC1_genera_incertae_sedis","BRC1_genera_incertae_sedis","BRC1_genera_incertae_sedis","BRC1_genera_incertae_sedis"
"WPS-2_genera_incertae_sedis","Bacteria","candidate division WPS-2","WPS-2_genera_incertae_sedis","WPS-2_genera_incertae_sedis","WPS-2_genera_incertae_sedis","WPS-2_genera_incertae_sedis","WPS-2_genera_incertae_sedis"
"ZB3_genera_incertae_sedis","Bacteria","candidate division ZB3","ZB3_genera_incertae_sedis","ZB3_genera_incertae_sedis","ZB3_genera_incertae_sedis","ZB3_genera_incertae_sedis","ZB3_genera_incertae_sedis"
"Candidatus Calescibacterium","Bacteria","Candidatus Calescamantes","Candidatus Calescibacterium","Candidatus Calescibacterium","Candidatus Calescibacterium","Candidatus Calescibacterium","Candidatus Calescibacterium"
"Neochlamydia","Bacteria","Chlamydiae","Chlamydiia","Chlamydiales","Parachlamydiaceae","Neochlamydia","Neochlamydia"
"Parachlamydia","Bacteria","Chlamydiae","Chlamydiia","Chlamydiales","Parachlamydiaceae","Parachlamydia","Parachlamydia"
"Simkania","Bacteria","Chlamydiae","Chlamydiia","Chlamydiales","Simkaniaceae","Simkania","Simkania"
"Bellilinea","Bacteria","Chloroflexi","Anaerolineae","Anaerolineales","Anaerolineaceae","Bellilinea","Bellilinea"
"Leptolinea","Bacteria","Chloroflexi","Anaerolineae","Anaerolineales","Anaerolineaceae","Leptolinea","Leptolinea"
"Levilinea","Bacteria","Chloroflexi","Anaerolineae","Anaerolineales","Anaerolineaceae","Levilinea","Levilinea"
"Longilinea","Bacteria","Chloroflexi","Anaerolineae","Anaerolineales","Anaerolineaceae","Longilinea","Longilinea"
"Ornatilinea","Bacteria","Chloroflexi","Anaerolineae","Anaerolineales","Anaerolineaceae","Ornatilinea","Ornatilinea"
"Thermomarinilinea","Bacteria","Chloroflexi","Anaerolineae","Anaerolineales","Anaerolineaceae","Thermomarinilinea","Thermomarinilinea"
"Ardenticatena","Bacteria","Chloroflexi","Ardenticatenia","Ardenticatenales","Ardenticatenaceae","Ardenticatena","Ardenticatena"
"Litorilinea","Bacteria","Chloroflexi","Caldilineae","Caldilineales","Caldilineaceae","Litorilinea","Litorilinea"
"Denitrovibrio","Bacteria","Deferribacteres","Deferribacteres","Deferribacterales","Deferribacteraceae","Denitrovibrio","Denitrovibrio"
"Caldithrix","Bacteria","Deferribacteres","Deferribacteres","Deferribacterales","Deferribacterales_incertae_sedis","Caldithrix","Caldithrix"
"Deinococcus","Bacteria","Deinococcus-Thermus","Deinococci","Deinococcales","Deinococcaceae","Deinococcus","Deinococcus"
"Elusimicrobium","Bacteria","Elusimicrobia","Elusimicrobia","Elusimicrobiales","Elusimicrobiaceae","Elusimicrobium","Elusimicrobium"
"Tumebacillus","Bacteria","Firmicutes","Bacilli","Bacillales","Alicyclobacillaceae","Tumebacillus","Tumebacillus"
"Anoxybacillus","Bacteria","Firmicutes","Bacilli","Bacillales","Bacillaceae 1","Anoxybacillus","Anoxybacillus"
"Bacillus","Bacteria","Firmicutes","Bacilli","Bacillales","Bacillaceae 1","Bacillus","Bacillus"
"Exiguobacterium","Bacteria","Firmicutes","Bacilli","Bacillales","Bacillales_Incertae Sedis XII","Exiguobacterium","Exiguobacterium"
"Staphylococcus","Bacteria","Firmicutes","Bacilli","Bacillales","Staphylococcaceae","Staphylococcus","Staphylococcus"
"Enterococcus","Bacteria","Firmicutes","Bacilli","Lactobacillales","Enterococcaceae","Enterococcus","Enterococcus"
"Streptococcus","Bacteria","Firmicutes","Bacilli","Lactobacillales","Streptococcaceae","Streptococcus","Streptococcus"
"Catabacter","Bacteria","Firmicutes","Clostridia","Clostridiales","Catabacteriaceae","Catabacter","Catabacter"
"Christensenella","Bacteria","Firmicutes","Clostridia","Clostridiales","Christensenellaceae","Christensenella","Christensenella"
"Fonticella","Bacteria","Firmicutes","Clostridia","Clostridiales","Clostridiaceae 1","Fonticella","Fonticella"
"Clostridiisalibacter","Bacteria","Firmicutes","Clostridia","Clostridiales","Clostridiaceae 3","Clostridiisalibacter","Clostridiisalibacter"
"Anaerococcus","Bacteria","Firmicutes","Clostridia","Clostridiales","Clostridiales_Incertae Sedis XI","Anaerococcus","Anaerococcus"
"Gracilibacter","Bacteria","Firmicutes","Clostridia","Clostridiales","Gracilibacteraceae","Gracilibacter","Gracilibacter"
"Parasporobacterium","Bacteria","Firmicutes","Clostridia","Clostridiales","Lachnospiraceae","Parasporobacterium","Parasporobacterium"
"Asaccharospora","Bacteria","Firmicutes","Clostridia","Clostridiales","Peptostreptococcaceae","Asaccharospora","Asaccharospora"
"Syntrophothermus","Bacteria","Firmicutes","Clostridia","Clostridiales","Syntrophomonadaceae","Syntrophothermus","Syntrophothermus"
"Halothermothrix","Bacteria","Firmicutes","Clostridia","Halanaerobiales","Halanaerobiaceae","Halothermothrix","Halothermothrix"
"Halanaerobaculum","Bacteria","Firmicutes","Clostridia","Halanaerobiales","Halobacteroidaceae","Halanaerobaculum","Halanaerobaculum"
"Dethiobacter","Bacteria","Firmicutes","Clostridia","Natranaerobiales","Natranaerobiaceae","Dethiobacter","Dethiobacter"
"Natranaerobaculum","Bacteria","Firmicutes","Clostridia","Natranaerobiales","Natranaerobiaceae","Natranaerobaculum","Natranaerobaculum"
"Calderihabitans","Bacteria","Firmicutes","Clostridia","Thermoanaerobacterales","Thermoanaerobacteraceae","Calderihabitans","Calderihabitans"
"Allobaculum","Bacteria","Firmicutes","Erysipelotrichia","Erysipelotrichales","Erysipelotrichaceae","Allobaculum","Allobaculum"
"Holdemania","Bacteria","Firmicutes","Erysipelotrichia","Erysipelotrichales","Erysipelotrichaceae","Holdemania","Holdemania"
"Succinispira","Bacteria","Firmicutes","Negativicutes","Selenomonadales","Acidaminococcaceae","Succinispira","Succinispira"
"Dialister","Bacteria","Firmicutes","Negativicutes","Selenomonadales","Veillonellaceae","Dialister","Dialister"
"Negativicoccus","Bacteria","Firmicutes","Negativicutes","Selenomonadales","Veillonellaceae","Negativicoccus","Negativicoccus"
"Schwartzia","Bacteria","Firmicutes","Negativicutes","Selenomonadales","Veillonellaceae","Schwartzia","Schwartzia"
"Propionigenium","Bacteria","Fusobacteria","Fusobacteriia","Fusobacteriales","Fusobacteriaceae","Propionigenium","Propionigenium"
"Gemmatimonas","Bacteria","Gemmatimonadetes","Gemmatimonadetes","Gemmatimonadales","Gemmatimonadaceae","Gemmatimonas","Gemmatimonas"
"Candidatus Hydrogenedens","Bacteria","Hydrogenedentes","Candidatus Hydrogenedens","Candidatus Hydrogenedens","Candidatus Hydrogenedens","Candidatus Hydrogenedens","Candidatus Hydrogenedens"
"Ignavibacterium","Bacteria","Ignavibacteriae","Ignavibacteria","Ignavibacteriales","Ignavibacteriaceae","Ignavibacterium","Ignavibacterium"
"Melioribacter","Bacteria","Ignavibacteriae","Ignavibacteria","Ignavibacteriales","Ignavibacteriaceae","Melioribacter","Melioribacter"
"Latescibacteria_genera_incertae_sedis","Bacteria","Latescibacteria","Latescibacteria_genera_incertae_sedis","Latescibacteria_genera_incertae_sedis","Latescibacteria_genera_incertae_sedis","Latescibacteria_genera_incertae_sedis","Latescibacteria_genera_incertae_sedis"
"Lentisphaera","Bacteria","Lentisphaerae","Lentisphaeria","Lentisphaerales","Lentisphaeraceae","Lentisphaera","Lentisphaera"
"Victivallis","Bacteria","Lentisphaerae","Lentisphaeria","Victivallales","Victivallaceae","Victivallis","Victivallis"
"Oligosphaera","Bacteria","Lentisphaerae","Oligosphaeria","Oligosphaerales","Oligosphaeraceae","Oligosphaera","Oligosphaera"
"Marinimicrobia_genera_incertae_sedis","Bacteria","Marinimicrobia","Marinimicrobia_genera_incertae_sedis","Marinimicrobia_genera_incertae_sedis","Marinimicrobia_genera_incertae_sedis","Marinimicrobia_genera_incertae_sedis","Marinimicrobia_genera_incertae_sedis"
"Nitrospina","Bacteria","Nitrospinae","Nitrospinia","Nitrospinales","Nitrospinaceae","Nitrospina","Nitrospina"
"Nitrospira","Bacteria","Nitrospirae","Nitrospira","Nitrospirales","Nitrospiraceae","Nitrospira","Nitrospira"
"Omnitrophica_genera_incertae_sedis","Bacteria","Omnitrophica","Omnitrophica_genera_incertae_sedis","Omnitrophica_genera_incertae_sedis","Omnitrophica_genera_incertae_sedis","Omnitrophica_genera_incertae_sedis","Omnitrophica_genera_incertae_sedis"
"Parcubacteria_genera_incertae_sedis","Bacteria","Parcubacteria","Parcubacteria_genera_incertae_sedis","Parcubacteria_genera_incertae_sedis","Parcubacteria_genera_incertae_sedis","Parcubacteria_genera_incertae_sedis","Parcubacteria_genera_incertae_sedis"
"Phycisphaera","Bacteria","Planctomycetes","Phycisphaerae","Phycisphaerales","Phycisphaeraceae","Phycisphaera","Phycisphaera"
"Tepidisphaera","Bacteria","Planctomycetes","Phycisphaerae","Tepidisphaerales","Tepidisphaeraceae","Tepidisphaera","Tepidisphaera"
"Candidatus Anammoxoglobus","Bacteria","Planctomycetes","Planctomycetia","Candidatus Brocadiales","Candidatus Brocadiaceae","Candidatus Anammoxoglobus","Candidatus Anammoxoglobus"
"Candidatus Brocadia","Bacteria","Planctomycetes","Planctomycetia","Candidatus Brocadiales","Candidatus Brocadiaceae","Candidatus Brocadia","Candidatus Brocadia"
"Aquisphaera","Bacteria","Planctomycetes","Planctomycetia","Planctomycetales","Planctomycetaceae","Aquisphaera","Aquisphaera"
"Blastopirellula","Bacteria","Planctomycetes","Planctomycetia","Planctomycetales","Planctomycetaceae","Blastopirellula","Blastopirellula"
"Gemmata","Bacteria","Planctomycetes","Planctomycetia","Planctomycetales","Planctomycetaceae","Gemmata","Gemmata"
"Gimesia","Bacteria","Planctomycetes","Planctomycetia","Planctomycetales","Planctomycetaceae","Gimesia","Gimesia"
"Pirellula","Bacteria","Planctomycetes","Planctomycetia","Planctomycetales","Planctomycetaceae","Pirellula","Pirellula"
"Planctomicrobium","Bacteria","Planctomycetes","Planctomycetia","Planctomycetales","Planctomycetaceae","Planctomicrobium","Planctomicrobium"
"Planctopirus","Bacteria","Planctomycetes","Planctomycetia","Planctomycetales","Planctomycetaceae","Planctopirus","Planctopirus"
"Rhodopirellula","Bacteria","Planctomycetes","Planctomycetia","Planctomycetales","Planctomycetaceae","Rhodopirellula","Rhodopirellula"
"Rubinisphaera","Bacteria","Planctomycetes","Planctomycetia","Planctomycetales","Planctomycetaceae","Rubinisphaera","Rubinisphaera"
"Telmatocola","Bacteria","Planctomycetes","Planctomycetia","Planctomycetales","Planctomycetaceae","Telmatocola","Telmatocola"
"Zavarzinella","Bacteria","Planctomycetes","Planctomycetia","Planctomycetales","Planctomycetaceae","Zavarzinella","Zavarzinella"
"Poribacteria_genera_incertae_sedis","Bacteria","Poribacteria","Poribacteria_genera_incertae_sedis","Poribacteria_genera_incertae_sedis","Poribacteria_genera_incertae_sedis","Poribacteria_genera_incertae_sedis","Poribacteria_genera_incertae_sedis"
"Geminicoccus","Bacteria","Proteobacteria","Alphaproteobacteria","Alphaproteobacteria_incertae_sedis","Geminicoccus","Geminicoccus","Geminicoccus"
"Brevundimonas","Bacteria","Proteobacteria","Alphaproteobacteria","Caulobacterales","Caulobacteraceae","Brevundimonas","Brevundimonas"
"Phenylobacterium","Bacteria","Proteobacteria","Alphaproteobacteria","Caulobacterales","Caulobacteraceae","Phenylobacterium","Phenylobacterium"
"Algimonas","Bacteria","Proteobacteria","Alphaproteobacteria","Caulobacterales","Hyphomonadaceae","Algimonas","Algimonas"
"Fretibacter","Bacteria","Proteobacteria","Alphaproteobacteria","Caulobacterales","Hyphomonadaceae","Fretibacter","Fretibacter"
"Glycocaulis","Bacteria","Proteobacteria","Alphaproteobacteria","Caulobacterales","Hyphomonadaceae","Glycocaulis","Glycocaulis"
"Hellea","Bacteria","Proteobacteria","Alphaproteobacteria","Caulobacterales","Hyphomonadaceae","Hellea","Hellea"
"Hyphomonas","Bacteria","Proteobacteria","Alphaproteobacteria","Caulobacterales","Hyphomonadaceae","Hyphomonas","Hyphomonas"
"Litorimonas","Bacteria","Proteobacteria","Alphaproteobacteria","Caulobacterales","Hyphomonadaceae","Litorimonas","Litorimonas"
"Maricaulis","Bacteria","Proteobacteria","Alphaproteobacteria","Caulobacterales","Hyphomonadaceae","Maricaulis","Maricaulis"
"Oceanicaulis","Bacteria","Proteobacteria","Alphaproteobacteria","Caulobacterales","Hyphomonadaceae","Oceanicaulis","Oceanicaulis"
"Ponticaulis","Bacteria","Proteobacteria","Alphaproteobacteria","Caulobacterales","Hyphomonadaceae","Ponticaulis","Ponticaulis"
"Robiginitomaculum","Bacteria","Proteobacteria","Alphaproteobacteria","Caulobacterales","Hyphomonadaceae","Robiginitomaculum","Robiginitomaculum"
"Woodsholea","Bacteria","Proteobacteria","Alphaproteobacteria","Caulobacterales","Hyphomonadaceae","Woodsholea","Woodsholea"
"Kiloniella","Bacteria","Proteobacteria","Alphaproteobacteria","Kiloniellales","Kiloniellaceae","Kiloniella","Kiloniella"
"Kordiimonas","Bacteria","Proteobacteria","Alphaproteobacteria","Kordiimonadales","Kordiimonadaceae","Kordiimonas","Kordiimonas"
"Temperatibacter","Bacteria","Proteobacteria","Alphaproteobacteria","Kordiimonadales","Temperatibacteraceae","Temperatibacter","Temperatibacter"
"Magnetococcus","Bacteria","Proteobacteria","Alphaproteobacteria","Magnetococcales","Magnetococcaceae","Magnetococcus","Magnetococcus"
"Parvularcula","Bacteria","Proteobacteria","Alphaproteobacteria","Parvularculales","Parvularculaceae","Parvularcula","Parvularcula"
"Methylovirgula","Bacteria","Proteobacteria","Alphaproteobacteria","Rhizobiales","Beijerinckiaceae","Methylovirgula","Methylovirgula"
"Bosea","Bacteria","Proteobacteria","Alphaproteobacteria","Rhizobiales","Bradyrhizobiaceae","Bosea","Bosea"
"Bradyrhizobium","Bacteria","Proteobacteria","Alphaproteobacteria","Rhizobiales","Bradyrhizobiaceae","Bradyrhizobium","Bradyrhizobium"
"Rhodopseudomonas","Bacteria","Proteobacteria","Alphaproteobacteria","Rhizobiales","Bradyrhizobiaceae","Rhodopseudomonas","Rhodopseudomonas"
"Cohaesibacter","Bacteria","Proteobacteria","Alphaproteobacteria","Rhizobiales","Cohaesibacteraceae","Cohaesibacter","Cohaesibacter"
"Aquabacter","Bacteria","Proteobacteria","Alphaproteobacteria","Rhizobiales","Hyphomicrobiaceae","Aquabacter","Aquabacter"
"Cucumibacter","Bacteria","Proteobacteria","Alphaproteobacteria","Rhizobiales","Hyphomicrobiaceae","Cucumibacter","Cucumibacter"
"Devosia","Bacteria","Proteobacteria","Alphaproteobacteria","Rhizobiales","Hyphomicrobiaceae","Devosia","Devosia"
"Filomicrobium","Bacteria","Proteobacteria","Alphaproteobacteria","Rhizobiales","Hyphomicrobiaceae","Filomicrobium","Filomicrobium"
"Hyphomicrobium","Bacteria","Proteobacteria","Alphaproteobacteria","Rhizobiales","Hyphomicrobiaceae","Hyphomicrobium","Hyphomicrobium"
"Methylobacterium","Bacteria","Proteobacteria","Alphaproteobacteria","Rhizobiales","Methylobacteriaceae","Methylobacterium","Methylobacterium"
"Terasakiella","Bacteria","Proteobacteria","Alphaproteobacteria","Rhizobiales","Methylocystaceae","Terasakiella","Terasakiella"
"Hoeflea","Bacteria","Proteobacteria","Alphaproteobacteria","Rhizobiales","Phyllobacteriaceae","Hoeflea","Hoeflea"
"Lentilitoribacter","Bacteria","Proteobacteria","Alphaproteobacteria","Rhizobiales","Phyllobacteriaceae","Lentilitoribacter","Lentilitoribacter"
"Mesorhizobium","Bacteria","Proteobacteria","Alphaproteobacteria","Rhizobiales","Phyllobacteriaceae","Mesorhizobium","Mesorhizobium"
"Nitratireductor","Bacteria","Proteobacteria","Alphaproteobacteria","Rhizobiales","Phyllobacteriaceae","Nitratireductor","Nitratireductor"
"Pseudahrensia","Bacteria","Proteobacteria","Alphaproteobacteria","Rhizobiales","Phyllobacteriaceae","Pseudahrensia","Pseudahrensia"
"Ensifer","Bacteria","Proteobacteria","Alphaproteobacteria","Rhizobiales","Rhizobiaceae","Ensifer","Ensifer"
"Rhizobium","Bacteria","Proteobacteria","Alphaproteobacteria","Rhizobiales","Rhizobiaceae","Rhizobium","Rhizobium"
"Bauldia","Bacteria","Proteobacteria","Alphaproteobacteria","Rhizobiales","Rhizobiales_incertae_sedis","Bauldia","Bauldia"
"Phreatobacter","Bacteria","Proteobacteria","Alphaproteobacteria","Rhizobiales","Rhizobiales_incertae_sedis","Phreatobacter","Phreatobacter"
"Anderseniella","Bacteria","Proteobacteria","Alphaproteobacteria","Rhizobiales","Rhodobiaceae","Anderseniella","Anderseniella"
"Dichotomicrobium","Bacteria","Proteobacteria","Alphaproteobacteria","Rhizobiales","Rhodobiaceae","Dichotomicrobium","Dichotomicrobium"
"Lutibaculum","Bacteria","Proteobacteria","Alphaproteobacteria","Rhizobiales","Rhodobiaceae","Lutibaculum","Lutibaculum"
"Methyloceanibacter","Bacteria","Proteobacteria","Alphaproteobacteria","Rhizobiales","Rhodobiaceae","Methyloceanibacter","Methyloceanibacter"
"Parvibaculum","Bacteria","Proteobacteria","Alphaproteobacteria","Rhizobiales","Rhodobiaceae","Parvibaculum","Parvibaculum"
"Rhodobium","Bacteria","Proteobacteria","Alphaproteobacteria","Rhizobiales","Rhodobiaceae","Rhodobium","Rhodobium"
"Roseospirillum","Bacteria","Proteobacteria","Alphaproteobacteria","Rhizobiales","Rhodobiaceae","Roseospirillum","Roseospirillum"
"Labrys","Bacteria","Proteobacteria","Alphaproteobacteria","Rhizobiales","Xanthobacteraceae","Labrys","Labrys"
"Pseudolabrys","Bacteria","Proteobacteria","Alphaproteobacteria","Rhizobiales","Xanthobacteraceae","Pseudolabrys","Pseudolabrys"
"Pseudoxanthobacter","Bacteria","Proteobacteria","Alphaproteobacteria","Rhizobiales","Xanthobacteraceae","Pseudoxanthobacter","Pseudoxanthobacter"
"Agaricicola","Bacteria","Proteobacteria","Alphaproteobacteria","Rhodobacterales","Rhodobacteraceae","Agaricicola","Agaricicola"
"Albidovulum","Bacteria","Proteobacteria","Alphaproteobacteria","Rhodobacterales","Rhodobacteraceae","Albidovulum","Albidovulum"
"Albimonas","Bacteria","Proteobacteria","Alphaproteobacteria","Rhodobacterales","Rhodobacteraceae","Albimonas","Albimonas"
"Aliiroseovarius","Bacteria","Proteobacteria","Alphaproteobacteria","Rhodobacterales","Rhodobacteraceae","Aliiroseovarius","Aliiroseovarius"
"Amaricoccus","Bacteria","Proteobacteria","Alphaproteobacteria","Rhodobacterales","Rhodobacteraceae","Amaricoccus","Amaricoccus"
"Amylibacter","Bacteria","Proteobacteria","Alphaproteobacteria","Rhodobacterales","Rhodobacteraceae","Amylibacter","Amylibacter"
"Celeribacter","Bacteria","Proteobacteria","Alphaproteobacteria","Rhodobacterales","Rhodobacteraceae","Celeribacter","Celeribacter"
"Cereibacter","Bacteria","Proteobacteria","Alphaproteobacteria","Rhodobacterales","Rhodobacteraceae","Cereibacter","Cereibacter"
"Defluviimonas","Bacteria","Proteobacteria","Alphaproteobacteria","Rhodobacterales","Rhodobacteraceae","Defluviimonas","Defluviimonas"
"Falsirhodobacter","Bacteria","Proteobacteria","Alphaproteobacteria","Rhodobacterales","Rhodobacteraceae","Falsirhodobacter","Falsirhodobacter"
"Frigidibacter","Bacteria","Proteobacteria","Alphaproteobacteria","Rhodobacterales","Rhodobacteraceae","Frigidibacter","Frigidibacter"
"Gaetbulicola","Bacteria","Proteobacteria","Alphaproteobacteria","Rhodobacterales","Rhodobacteraceae","Gaetbulicola","Gaetbulicola"
"Gemmobacter","Bacteria","Proteobacteria","Alphaproteobacteria","Rhodobacterales","Rhodobacteraceae","Gemmobacter","Gemmobacter"
"Jannaschia","Bacteria","Proteobacteria","Alphaproteobacteria","Rhodobacterales","Rhodobacteraceae","Jannaschia","Jannaschia"
"Labrenzia","Bacteria","Proteobacteria","Alphaproteobacteria","Rhodobacterales","Rhodobacteraceae","Labrenzia","Labrenzia"
"Litoreibacter","Bacteria","Proteobacteria","Alphaproteobacteria","Rhodobacterales","Rhodobacteraceae","Litoreibacter","Litoreibacter"
"Marivita","Bacteria","Proteobacteria","Alphaproteobacteria","Rhodobacterales","Rhodobacteraceae","Marivita","Marivita"
"Nesiotobacter","Bacteria","Proteobacteria","Alphaproteobacteria","Rhodobacterales","Rhodobacteraceae","Nesiotobacter","Nesiotobacter"
"Pacificibacter","Bacteria","Proteobacteria","Alphaproteobacteria","Rhodobacterales","Rhodobacteraceae","Pacificibacter","Pacificibacter"
"Paenirhodobacter","Bacteria","Proteobacteria","Alphaproteobacteria","Rhodobacterales","Rhodobacteraceae","Paenirhodobacter","Paenirhodobacter"
"Pelagicola","Bacteria","Proteobacteria","Alphaproteobacteria","Rhodobacterales","Rhodobacteraceae","Pelagicola","Pelagicola"
"Pseudohalocynthiibacter","Bacteria","Proteobacteria","Alphaproteobacteria","Rhodobacterales","Rhodobacteraceae","Pseudohalocynthiibacter","Pseudohalocynthiibacter"
"Pseudooctadecabacter","Bacteria","Proteobacteria","Alphaproteobacteria","Rhodobacterales","Rhodobacteraceae","Pseudooctadecabacter","Pseudooctadecabacter"
"Pseudovibrio","Bacteria","Proteobacteria","Alphaproteobacteria","Rhodobacterales","Rhodobacteraceae","Pseudovibrio","Pseudovibrio"
"Rhodothalassium","Bacteria","Proteobacteria","Alphaproteobacteria","Rhodobacterales","Rhodobacteraceae","Rhodothalassium","Rhodothalassium"
"Rhodovulum","Bacteria","Proteobacteria","Alphaproteobacteria","Rhodobacterales","Rhodobacteraceae","Rhodovulum","Rhodovulum"
"Roseibacterium","Bacteria","Proteobacteria","Alphaproteobacteria","Rhodobacterales","Rhodobacteraceae","Roseibacterium","Roseibacterium"
"Roseicitreum","Bacteria","Proteobacteria","Alphaproteobacteria","Rhodobacterales","Rhodobacteraceae","Roseicitreum","Roseicitreum"
"Roseicyclus","Bacteria","Proteobacteria","Alphaproteobacteria","Rhodobacterales","Rhodobacteraceae","Roseicyclus","Roseicyclus"
"Roseovarius","Bacteria","Proteobacteria","Alphaproteobacteria","Rhodobacterales","Rhodobacteraceae","Roseovarius","Roseovarius"
"Ruegeria","Bacteria","Proteobacteria","Alphaproteobacteria","Rhodobacterales","Rhodobacteraceae","Ruegeria","Ruegeria"
"Shimia","Bacteria","Proteobacteria","Alphaproteobacteria","Rhodobacterales","Rhodobacteraceae","Shimia","Shimia"
"Sulfitobacter","Bacteria","Proteobacteria","Alphaproteobacteria","Rhodobacterales","Rhodobacteraceae","Sulfitobacter","Sulfitobacter"
"Tateyamaria","Bacteria","Proteobacteria","Alphaproteobacteria","Rhodobacterales","Rhodobacteraceae","Tateyamaria","Tateyamaria"
"Tropicibacter","Bacteria","Proteobacteria","Alphaproteobacteria","Rhodobacterales","Rhodobacteraceae","Tropicibacter","Tropicibacter"
"Roseococcus","Bacteria","Proteobacteria","Alphaproteobacteria","Rhodospirillales","Acetobacteraceae","Roseococcus","Roseococcus"
"Roseomonas","Bacteria","Proteobacteria","Alphaproteobacteria","Rhodospirillales","Acetobacteraceae","Roseomonas","Roseomonas"
"Saccharibacter","Bacteria","Proteobacteria","Alphaproteobacteria","Rhodospirillales","Acetobacteraceae","Saccharibacter","Saccharibacter"
"Aestuariispira","Bacteria","Proteobacteria","Alphaproteobacteria","Rhodospirillales","Rhodospirillaceae","Aestuariispira","Aestuariispira"
"Elstera","Bacteria","Proteobacteria","Alphaproteobacteria","Rhodospirillales","Rhodospirillaceae","Elstera","Elstera"
"Lacibacterium","Bacteria","Proteobacteria","Alphaproteobacteria","Rhodospirillales","Rhodospirillaceae","Lacibacterium","Lacibacterium"
"Limimonas","Bacteria","Proteobacteria","Alphaproteobacteria","Rhodospirillales","Rhodospirillaceae","Limimonas","Limimonas"
"Magnetospira","Bacteria","Proteobacteria","Alphaproteobacteria","Rhodospirillales","Rhodospirillaceae","Magnetospira","Magnetospira"
"Magnetospirillum","Bacteria","Proteobacteria","Alphaproteobacteria","Rhodospirillales","Rhodospirillaceae","Magnetospirillum","Magnetospirillum"
"Magnetovibrio","Bacteria","Proteobacteria","Alphaproteobacteria","Rhodospirillales","Rhodospirillaceae","Magnetovibrio","Magnetovibrio"
"Marispirillum","Bacteria","Proteobacteria","Alphaproteobacteria","Rhodospirillales","Rhodospirillaceae","Marispirillum","Marispirillum"
"Nisaea","Bacteria","Proteobacteria","Alphaproteobacteria","Rhodospirillales","Rhodospirillaceae","Nisaea","Nisaea"
"Nitrospirillum","Bacteria","Proteobacteria","Alphaproteobacteria","Rhodospirillales","Rhodospirillaceae","Nitrospirillum","Nitrospirillum"
"Oceanibaculum","Bacteria","Proteobacteria","Alphaproteobacteria","Rhodospirillales","Rhodospirillaceae","Oceanibaculum","Oceanibaculum"
"Pelagibius","Bacteria","Proteobacteria","Alphaproteobacteria","Rhodospirillales","Rhodospirillaceae","Pelagibius","Pelagibius"
"Rhodospirillum","Bacteria","Proteobacteria","Alphaproteobacteria","Rhodospirillales","Rhodospirillaceae","Rhodospirillum","Rhodospirillum"
"Rhodovibrio","Bacteria","Proteobacteria","Alphaproteobacteria","Rhodospirillales","Rhodospirillaceae","Rhodovibrio","Rhodovibrio"
"Telmatospirillum","Bacteria","Proteobacteria","Alphaproteobacteria","Rhodospirillales","Rhodospirillaceae","Telmatospirillum","Telmatospirillum"
"Anaplasma","Bacteria","Proteobacteria","Alphaproteobacteria","Rickettsiales","Anaplasmataceae","Anaplasma","Anaplasma"
"Neorickettsia","Bacteria","Proteobacteria","Alphaproteobacteria","Rickettsiales","Anaplasmataceae","Neorickettsia","Neorickettsia"
"Orientia","Bacteria","Proteobacteria","Alphaproteobacteria","Rickettsiales","Rickettsiaceae","Orientia","Orientia"
"Rickettsia","Bacteria","Proteobacteria","Alphaproteobacteria","Rickettsiales","Rickettsiaceae","Rickettsia","Rickettsia"
"Candidatus Pelagibacter","Bacteria","Proteobacteria","Alphaproteobacteria","SAR11","SAR11","Candidatus Pelagibacter","Candidatus Pelagibacter"
"Ferrovibrio","Bacteria","Proteobacteria","Alphaproteobacteria","Sneathiellales","Sneathiellaceae","Ferrovibrio","Ferrovibrio"
"Oceanibacterium","Bacteria","Proteobacteria","Alphaproteobacteria","Sneathiellales","Sneathiellaceae","Oceanibacterium","Oceanibacterium"
"Sneathiella","Bacteria","Proteobacteria","Alphaproteobacteria","Sneathiellales","Sneathiellaceae","Sneathiella","Sneathiella"
"Taonella","Bacteria","Proteobacteria","Alphaproteobacteria","Sneathiellales","Sneathiellaceae","Taonella","Taonella"
"Altererythrobacter","Bacteria","Proteobacteria","Alphaproteobacteria","Sphingomonadales","Erythrobacteraceae","Altererythrobacter","Altererythrobacter"
"Erythrobacter","Bacteria","Proteobacteria","Alphaproteobacteria","Sphingomonadales","Erythrobacteraceae","Erythrobacter","Erythrobacter"
"Porphyrobacter","Bacteria","Proteobacteria","Alphaproteobacteria","Sphingomonadales","Erythrobacteraceae","Porphyrobacter","Porphyrobacter"
"Novosphingobium","Bacteria","Proteobacteria","Alphaproteobacteria","Sphingomonadales","Sphingomonadaceae","Novosphingobium","Novosphingobium"
"Parasphingopyxis","Bacteria","Proteobacteria","Alphaproteobacteria","Sphingomonadales","Sphingomonadaceae","Parasphingopyxis","Parasphingopyxis"
"Rhizorhabdus","Bacteria","Proteobacteria","Alphaproteobacteria","Sphingomonadales","Sphingomonadaceae","Rhizorhabdus","Rhizorhabdus"
"Sandarakinorhabdus","Bacteria","Proteobacteria","Alphaproteobacteria","Sphingomonadales","Sphingomonadaceae","Sandarakinorhabdus","Sandarakinorhabdus"
"Sphingobium","Bacteria","Proteobacteria","Alphaproteobacteria","Sphingomonadales","Sphingomonadaceae","Sphingobium","Sphingobium"
"Sphingomonas","Bacteria","Proteobacteria","Alphaproteobacteria","Sphingomonadales","Sphingomonadaceae","Sphingomonas","Sphingomonas"
"Sphingorhabdus","Bacteria","Proteobacteria","Alphaproteobacteria","Sphingomonadales","Sphingomonadaceae","Sphingorhabdus","Sphingorhabdus"
"Achromobacter","Bacteria","Proteobacteria","Betaproteobacteria","Burkholderiales","Alcaligenaceae","Achromobacter","Achromobacter"
"Limnobacter","Bacteria","Proteobacteria","Betaproteobacteria","Burkholderiales","Burkholderiaceae","Limnobacter","Limnobacter"
"Polynucleobacter","Bacteria","Proteobacteria","Betaproteobacteria","Burkholderiales","Burkholderiaceae","Polynucleobacter","Polynucleobacter"
"Ideonella","Bacteria","Proteobacteria","Betaproteobacteria","Burkholderiales","Burkholderiales_incertae_sedis","Ideonella","Ideonella"
"Rivibacter","Bacteria","Proteobacteria","Betaproteobacteria","Burkholderiales","Burkholderiales_incertae_sedis","Rivibacter","Rivibacter"
"Rubrivivax","Bacteria","Proteobacteria","Betaproteobacteria","Burkholderiales","Burkholderiales_incertae_sedis","Rubrivivax","Rubrivivax"
"Tepidimonas","Bacteria","Proteobacteria","Betaproteobacteria","Burkholderiales","Burkholderiales_incertae_sedis","Tepidimonas","Tepidimonas"
"Hydrogenophaga","Bacteria","Proteobacteria","Betaproteobacteria","Burkholderiales","Comamonadaceae","Hydrogenophaga","Hydrogenophaga"
"Polaromonas","Bacteria","Proteobacteria","Betaproteobacteria","Burkholderiales","Comamonadaceae","Polaromonas","Polaromonas"
"Variovorax","Bacteria","Proteobacteria","Betaproteobacteria","Burkholderiales","Comamonadaceae","Variovorax","Variovorax"
"Herbaspirillum","Bacteria","Proteobacteria","Betaproteobacteria","Burkholderiales","Oxalobacteraceae","Herbaspirillum","Herbaspirillum"
"Janthinobacterium","Bacteria","Proteobacteria","Betaproteobacteria","Burkholderiales","Oxalobacteraceae","Janthinobacterium","Janthinobacterium"
"Oxalicibacterium","Bacteria","Proteobacteria","Betaproteobacteria","Burkholderiales","Oxalobacteraceae","Oxalicibacterium","Oxalicibacterium"
"Chitinivorax","Bacteria","Proteobacteria","Betaproteobacteria","Chitinivorax","Chitinivorax","Chitinivorax","Chitinivorax"
"Sideroxydans","Bacteria","Proteobacteria","Betaproteobacteria","Gallionellales","Gallionellaceae","Sideroxydans","Sideroxydans"
"Methylobacillus","Bacteria","Proteobacteria","Betaproteobacteria","Methylophilales","Methylophilaceae","Methylobacillus","Methylobacillus"
"Methylophilus","Bacteria","Proteobacteria","Betaproteobacteria","Methylophilales","Methylophilaceae","Methylophilus","Methylophilus"
"Methylotenera","Bacteria","Proteobacteria","Betaproteobacteria","Methylophilales","Methylophilaceae","Methylotenera","Methylotenera"
"Nitrosomonas","Bacteria","Proteobacteria","Betaproteobacteria","Nitrosomonadales","Nitrosomonadaceae","Nitrosomonas","Nitrosomonas"
"Nitrosospira","Bacteria","Proteobacteria","Betaproteobacteria","Nitrosomonadales","Nitrosomonadaceae","Nitrosospira","Nitrosospira"
"Azonexus","Bacteria","Proteobacteria","Betaproteobacteria","Rhodocyclales","Rhodocyclaceae","Azonexus","Azonexus"
"Halobacteriovorax","Bacteria","Proteobacteria","Deltaproteobacteria","Bdellovibrionales","Bacteriovoracaceae","Halobacteriovorax","Halobacteriovorax"
"Peredibacter","Bacteria","Proteobacteria","Deltaproteobacteria","Bdellovibrionales","Bacteriovoracaceae","Peredibacter","Peredibacter"
"Bdellovibrio","Bacteria","Proteobacteria","Deltaproteobacteria","Bdellovibrionales","Bdellovibrionaceae","Bdellovibrio","Bdellovibrio"
"Vampirovibrio","Bacteria","Proteobacteria","Deltaproteobacteria","Bdellovibrionales","Bdellovibrionaceae","Vampirovibrio","Vampirovibrio"
"Pseudobacteriovorax","Bacteria","Proteobacteria","Deltaproteobacteria","Bdellovibrionales","Pseudobacteriovoracaceae","Pseudobacteriovorax","Pseudobacteriovorax"
"Bradymonas","Bacteria","Proteobacteria","Deltaproteobacteria","Bradymonadales","Bradymonadaceae","Bradymonas","Bradymonas"
"Deferrisoma","Bacteria","Proteobacteria","Deltaproteobacteria","Deltaproteobacteria_incertae_sedis","Deferrisoma","Deferrisoma","Deferrisoma"
"Dissulfuribacter","Bacteria","Proteobacteria","Deltaproteobacteria","Deltaproteobacteria_incertae_sedis","Dissulfuribacter","Dissulfuribacter","Dissulfuribacter"
"Desulfatirhabdium","Bacteria","Proteobacteria","Deltaproteobacteria","Desulfobacterales","Desulfobacteraceae","Desulfatirhabdium","Desulfatirhabdium"
"Desulfatitalea","Bacteria","Proteobacteria","Deltaproteobacteria","Desulfobacterales","Desulfobacteraceae","Desulfatitalea","Desulfatitalea"
"Desulfoconvexum","Bacteria","Proteobacteria","Deltaproteobacteria","Desulfobacterales","Desulfobacteraceae","Desulfoconvexum","Desulfoconvexum"
"Desulfofaba","Bacteria","Proteobacteria","Deltaproteobacteria","Desulfobacterales","Desulfobacteraceae","Desulfofaba","Desulfofaba"
"Desulfonatronobacter","Bacteria","Proteobacteria","Deltaproteobacteria","Desulfobacterales","Desulfobacteraceae","Desulfonatronobacter","Desulfonatronobacter"
"Desulforegula","Bacteria","Proteobacteria","Deltaproteobacteria","Desulfobacterales","Desulfobacteraceae","Desulforegula","Desulforegula"
"Desulfosarcina","Bacteria","Proteobacteria","Deltaproteobacteria","Desulfobacterales","Desulfobacteraceae","Desulfosarcina","Desulfosarcina"
"Desulfospira","Bacteria","Proteobacteria","Deltaproteobacteria","Desulfobacterales","Desulfobacteraceae","Desulfospira","Desulfospira"
"Desulfobulbus","Bacteria","Proteobacteria","Deltaproteobacteria","Desulfobacterales","Desulfobulbaceae","Desulfobulbus","Desulfobulbus"
"Desulfocapsa","Bacteria","Proteobacteria","Deltaproteobacteria","Desulfobacterales","Desulfobulbaceae","Desulfocapsa","Desulfocapsa"
"Desulfofustis","Bacteria","Proteobacteria","Deltaproteobacteria","Desulfobacterales","Desulfobulbaceae","Desulfofustis","Desulfofustis"
"Desulfopila","Bacteria","Proteobacteria","Deltaproteobacteria","Desulfobacterales","Desulfobulbaceae","Desulfopila","Desulfopila"
"Desulfotalea","Bacteria","Proteobacteria","Deltaproteobacteria","Desulfobacterales","Desulfobulbaceae","Desulfotalea","Desulfotalea"
"Desulfurivibrio","Bacteria","Proteobacteria","Deltaproteobacteria","Desulfobacterales","Desulfobulbaceae","Desulfurivibrio","Desulfurivibrio"
"Desulfovermiculus","Bacteria","Proteobacteria","Deltaproteobacteria","Desulfovibrionales","Desulfohalobiaceae","Desulfovermiculus","Desulfovermiculus"
"Desulfobaculum","Bacteria","Proteobacteria","Deltaproteobacteria","Desulfovibrionales","Desulfovibrionaceae","Desulfobaculum","Desulfobaculum"
"Pelobacter","Bacteria","Proteobacteria","Deltaproteobacteria","Desulfuromonadales","Desulfuromonadaceae","Pelobacter","Pelobacter"
"Geopsychrobacter","Bacteria","Proteobacteria","Deltaproteobacteria","Desulfuromonadales","Geobacteraceae","Geopsychrobacter","Geopsychrobacter"
"Anaeromyxobacter","Bacteria","Proteobacteria","Deltaproteobacteria","Myxococcales","Cystobacteraceae","Anaeromyxobacter","Anaeromyxobacter"
"Haliangium","Bacteria","Proteobacteria","Deltaproteobacteria","Myxococcales","Haliangiaceae","Haliangium","Haliangium"
"Labilithrix","Bacteria","Proteobacteria","Deltaproteobacteria","Myxococcales","Labilitrichaceae","Labilithrix","Labilithrix"
"Aggregicoccus","Bacteria","Proteobacteria","Deltaproteobacteria","Myxococcales","Myxococcaceae","Aggregicoccus","Aggregicoccus"
"Pyxidicoccus","Bacteria","Proteobacteria","Deltaproteobacteria","Myxococcales","Myxococcaceae","Pyxidicoccus","Pyxidicoccus"
"Enhygromyxa","Bacteria","Proteobacteria","Deltaproteobacteria","Myxococcales","Nannocystaceae","Enhygromyxa","Enhygromyxa"
"Nannocystis","Bacteria","Proteobacteria","Deltaproteobacteria","Myxococcales","Nannocystaceae","Nannocystis","Nannocystis"
"Plesiocystis","Bacteria","Proteobacteria","Deltaproteobacteria","Myxococcales","Nannocystaceae","Plesiocystis","Plesiocystis"
"Phaselicystis","Bacteria","Proteobacteria","Deltaproteobacteria","Myxococcales","Phaselicystidaceae","Phaselicystis","Phaselicystis"
"Jahnella","Bacteria","Proteobacteria","Deltaproteobacteria","Myxococcales","Polyangiaceae","Jahnella","Jahnella"
"Minicystis","Bacteria","Proteobacteria","Deltaproteobacteria","Myxococcales","Polyangiaceae","Minicystis","Minicystis"
"Sorangium","Bacteria","Proteobacteria","Deltaproteobacteria","Myxococcales","Polyangiaceae","Sorangium","Sorangium"
"Sandaracinus","Bacteria","Proteobacteria","Deltaproteobacteria","Myxococcales","Sandaracinaceae","Sandaracinus","Sandaracinus"
"Desulfobacca","Bacteria","Proteobacteria","Deltaproteobacteria","Syntrophobacterales","Syntrophaceae","Desulfobacca","Desulfobacca"
"Desulfomonile","Bacteria","Proteobacteria","Deltaproteobacteria","Syntrophobacterales","Syntrophaceae","Desulfomonile","Desulfomonile"
"Smithella","Bacteria","Proteobacteria","Deltaproteobacteria","Syntrophobacterales","Syntrophaceae","Smithella","Smithella"
"Desulfoglaeba","Bacteria","Proteobacteria","Deltaproteobacteria","Syntrophobacterales","Syntrophobacteraceae","Desulfoglaeba","Desulfoglaeba"
"Desulfovirga","Bacteria","Proteobacteria","Deltaproteobacteria","Syntrophobacterales","Syntrophobacteraceae","Desulfovirga","Desulfovirga"
"Thermodesulforhabdus","Bacteria","Proteobacteria","Deltaproteobacteria","Syntrophobacterales","Syntrophobacteraceae","Thermodesulforhabdus","Thermodesulforhabdus"
"Arcobacter","Bacteria","Proteobacteria","Epsilonproteobacteria","Campylobacterales","Campylobacteraceae","Arcobacter","Arcobacter"
"Sulfurovum","Bacteria","Proteobacteria","Epsilonproteobacteria","Campylobacterales","Helicobacteraceae","Sulfurovum","Sulfurovum"
"Wolinella","Bacteria","Proteobacteria","Epsilonproteobacteria","Campylobacterales","Helicobacteraceae","Wolinella","Wolinella"
"Nitratiruptor","Bacteria","Proteobacteria","Epsilonproteobacteria","Nautiliales","Nautiliaceae","Nitratiruptor","Nitratiruptor"
"Succinatimonas","Bacteria","Proteobacteria","Gammaproteobacteria","Aeromonadales","Succinivibrionaceae","Succinatimonas","Succinatimonas"
"Aestuariibacter","Bacteria","Proteobacteria","Gammaproteobacteria","Alteromonadales","Alteromonadaceae","Aestuariibacter","Aestuariibacter"
"Agarivorans","Bacteria","Proteobacteria","Gammaproteobacteria","Alteromonadales","Alteromonadaceae","Agarivorans","Agarivorans"
"Aliiglaciecola","Bacteria","Proteobacteria","Gammaproteobacteria","Alteromonadales","Alteromonadaceae","Aliiglaciecola","Aliiglaciecola"
"Alteromonas","Bacteria","Proteobacteria","Gammaproteobacteria","Alteromonadales","Alteromonadaceae","Alteromonas","Alteromonas"
"Bowmanella","Bacteria","Proteobacteria","Gammaproteobacteria","Alteromonadales","Alteromonadaceae","Bowmanella","Bowmanella"
"Chromatocurvus","Bacteria","Proteobacteria","Gammaproteobacteria","Alteromonadales","Alteromonadaceae","Chromatocurvus","Chromatocurvus"
"Haliea","Bacteria","Proteobacteria","Gammaproteobacteria","Alteromonadales","Alteromonadaceae","Haliea","Haliea"
"Marinobacter","Bacteria","Proteobacteria","Gammaproteobacteria","Alteromonadales","Alteromonadaceae","Marinobacter","Marinobacter"
"Paraglaciecola","Bacteria","Proteobacteria","Gammaproteobacteria","Alteromonadales","Alteromonadaceae","Paraglaciecola","Paraglaciecola"
"Saccharophagus","Bacteria","Proteobacteria","Gammaproteobacteria","Alteromonadales","Alteromonadaceae","Saccharophagus","Saccharophagus"
"Maricurvus","Bacteria","Proteobacteria","Gammaproteobacteria","Alteromonadales","Alteromonadales_incertae_sedis","Maricurvus","Maricurvus"
"Pseudoteredinibacter","Bacteria","Proteobacteria","Gammaproteobacteria","Alteromonadales","Alteromonadales_incertae_sedis","Pseudoteredinibacter","Pseudoteredinibacter"
"Psychrobium","Bacteria","Proteobacteria","Gammaproteobacteria","Alteromonadales","Alteromonadales_incertae_sedis","Psychrobium","Psychrobium"
"Teredinibacter","Bacteria","Proteobacteria","Gammaproteobacteria","Alteromonadales","Alteromonadales_incertae_sedis","Teredinibacter","Teredinibacter"
"Colwellia","Bacteria","Proteobacteria","Gammaproteobacteria","Alteromonadales","Colwelliaceae","Colwellia","Colwellia"
"Thalassomonas","Bacteria","Proteobacteria","Gammaproteobacteria","Alteromonadales","Colwelliaceae","Thalassomonas","Thalassomonas"
"Thalassotalea","Bacteria","Proteobacteria","Gammaproteobacteria","Alteromonadales","Colwelliaceae","Thalassotalea","Thalassotalea"
"Echinimonas","Bacteria","Proteobacteria","Gammaproteobacteria","Alteromonadales","Echinimonas","Echinimonas","Echinimonas"
"Idiomarina","Bacteria","Proteobacteria","Gammaproteobacteria","Alteromonadales","Idiomarinaceae","Idiomarina","Idiomarina"
"Algicola","Bacteria","Proteobacteria","Gammaproteobacteria","Alteromonadales","Pseudoalteromonadaceae","Algicola","Algicola"
"Pseudoalteromonas","Bacteria","Proteobacteria","Gammaproteobacteria","Alteromonadales","Pseudoalteromonadaceae","Pseudoalteromonas","Pseudoalteromonas"
"Psychrosphaera","Bacteria","Proteobacteria","Gammaproteobacteria","Alteromonadales","Pseudoalteromonadaceae","Psychrosphaera","Psychrosphaera"
"Shewanella","Bacteria","Proteobacteria","Gammaproteobacteria","Alteromonadales","Shewanellaceae","Shewanella","Shewanella"
"Arenicella","Bacteria","Proteobacteria","Gammaproteobacteria","Arenicellales","Arenicellaceae","Arenicella","Arenicella"
"Perspicuibacter","Bacteria","Proteobacteria","Gammaproteobacteria","Arenicellales","Arenicellaceae","Perspicuibacter","Perspicuibacter"
"Nitrosococcus","Bacteria","Proteobacteria","Gammaproteobacteria","Chromatiales","Chromatiaceae","Nitrosococcus","Nitrosococcus"
"Rhabdochromatium","Bacteria","Proteobacteria","Gammaproteobacteria","Chromatiales","Chromatiaceae","Rhabdochromatium","Rhabdochromatium"
"Rheinheimera","Bacteria","Proteobacteria","Gammaproteobacteria","Chromatiales","Chromatiaceae","Rheinheimera","Rheinheimera"
"Thiohalobacter","Bacteria","Proteobacteria","Gammaproteobacteria","Chromatiales","Chromatiaceae","Thiohalobacter","Thiohalobacter"
"Alkalispirillum","Bacteria","Proteobacteria","Gammaproteobacteria","Chromatiales","Ectothiorhodospiraceae","Alkalispirillum","Alkalispirillum"
"Arhodomonas","Bacteria","Proteobacteria","Gammaproteobacteria","Chromatiales","Ectothiorhodospiraceae","Arhodomonas","Arhodomonas"
"Ectothiorhodosinus","Bacteria","Proteobacteria","Gammaproteobacteria","Chromatiales","Ectothiorhodospiraceae","Ectothiorhodosinus","Ectothiorhodosinus"
"Oceanococcus","Bacteria","Proteobacteria","Gammaproteobacteria","Chromatiales","Ectothiorhodospiraceae","Oceanococcus","Oceanococcus"
"Spiribacter","Bacteria","Proteobacteria","Gammaproteobacteria","Chromatiales","Ectothiorhodospiraceae","Spiribacter","Spiribacter"
"Thioalbus","Bacteria","Proteobacteria","Gammaproteobacteria","Chromatiales","Ectothiorhodospiraceae","Thioalbus","Thioalbus"
"Thiogranum","Bacteria","Proteobacteria","Gammaproteobacteria","Chromatiales","Ectothiorhodospiraceae","Thiogranum","Thiogranum"
"Thiohalomonas","Bacteria","Proteobacteria","Gammaproteobacteria","Chromatiales","Ectothiorhodospiraceae","Thiohalomonas","Thiohalomonas"
"Thiorhodospira","Bacteria","Proteobacteria","Gammaproteobacteria","Chromatiales","Ectothiorhodospiraceae","Thiorhodospira","Thiorhodospira"
"Thiohalophilus","Bacteria","Proteobacteria","Gammaproteobacteria","Chromatiales","Thioalkalispiraceae","Thiohalophilus","Thiohalophilus"
"Thioprofundum","Bacteria","Proteobacteria","Gammaproteobacteria","Chromatiales","Thioalkalispiraceae","Thioprofundum","Thioprofundum"
"Ewingella","Bacteria","Proteobacteria","Gammaproteobacteria","Enterobacteriales","Enterobacteriaceae","Ewingella","Ewingella"
"Klebsiella","Bacteria","Proteobacteria","Gammaproteobacteria","Enterobacteriales","Enterobacteriaceae","Klebsiella","Klebsiella"
"Candidatus Carsonella","Bacteria","Proteobacteria","Gammaproteobacteria","Gammaproteobacteria_incertae_sedis","Candidatus Carsonella","Candidatus Carsonella","Candidatus Carsonella"
"Cocleimonas","Bacteria","Proteobacteria","Gammaproteobacteria","Gammaproteobacteria_incertae_sedis","Cocleimonas","Cocleimonas","Cocleimonas"
"Eionea","Bacteria","Proteobacteria","Gammaproteobacteria","Gammaproteobacteria_incertae_sedis","Eionea","Eionea","Eionea"
"Halioglobus","Bacteria","Proteobacteria","Gammaproteobacteria","Gammaproteobacteria_incertae_sedis","Halioglobus","Halioglobus","Halioglobus"
"Litorivivens","Bacteria","Proteobacteria","Gammaproteobacteria","Gammaproteobacteria_incertae_sedis","Litorivivens","Litorivivens","Litorivivens"
"Marinicella","Bacteria","Proteobacteria","Gammaproteobacteria","Gammaproteobacteria_incertae_sedis","Marinicella","Marinicella","Marinicella"
"Methylohalomonas","Bacteria","Proteobacteria","Gammaproteobacteria","Gammaproteobacteria_incertae_sedis","Methylohalomonas","Methylohalomonas","Methylohalomonas"
"Methylonatrum","Bacteria","Proteobacteria","Gammaproteobacteria","Gammaproteobacteria_incertae_sedis","Methylonatrum","Methylonatrum","Methylonatrum"
"Plasticicumulans","Bacteria","Proteobacteria","Gammaproteobacteria","Gammaproteobacteria_incertae_sedis","Plasticicumulans","Plasticicumulans","Plasticicumulans"
"Pleionea","Bacteria","Proteobacteria","Gammaproteobacteria","Gammaproteobacteria_incertae_sedis","Pleionea","Pleionea","Pleionea"
"Porticoccus","Bacteria","Proteobacteria","Gammaproteobacteria","Gammaproteobacteria_incertae_sedis","Porticoccus","Porticoccus","Porticoccus"
"Pseudohaliea","Bacteria","Proteobacteria","Gammaproteobacteria","Gammaproteobacteria_incertae_sedis","Pseudohaliea","Pseudohaliea","Pseudohaliea"
"Sedimenticola","Bacteria","Proteobacteria","Gammaproteobacteria","Gammaproteobacteria_incertae_sedis","Sedimenticola","Sedimenticola","Sedimenticola"
"Simiduia","Bacteria","Proteobacteria","Gammaproteobacteria","Gammaproteobacteria_incertae_sedis","Simiduia","Simiduia","Simiduia"
"Spongiibacter","Bacteria","Proteobacteria","Gammaproteobacteria","Gammaproteobacteria_incertae_sedis","Spongiibacter","Spongiibacter","Spongiibacter"
"Thiolapillus","Bacteria","Proteobacteria","Gammaproteobacteria","Gammaproteobacteria_incertae_sedis","Thiolapillus","Thiolapillus","Thiolapillus"
"Umboniibacter","Bacteria","Proteobacteria","Gammaproteobacteria","Gammaproteobacteria_incertae_sedis","Umboniibacter","Umboniibacter","Umboniibacter"
"Aquicella","Bacteria","Proteobacteria","Gammaproteobacteria","Legionellales","Coxiellaceae","Aquicella","Aquicella"
"Coxiella","Bacteria","Proteobacteria","Gammaproteobacteria","Legionellales","Coxiellaceae","Coxiella","Coxiella"
"Legionella","Bacteria","Proteobacteria","Gammaproteobacteria","Legionellales","Legionellaceae","Legionella","Legionella"
"Methylococcus","Bacteria","Proteobacteria","Gammaproteobacteria","Methylococcales","Methylococcaceae","Methylococcus","Methylococcus"
"Methylogaea","Bacteria","Proteobacteria","Gammaproteobacteria","Methylococcales","Methylococcaceae","Methylogaea","Methylogaea"
"Methylohalobius","Bacteria","Proteobacteria","Gammaproteobacteria","Methylococcales","Methylococcaceae","Methylohalobius","Methylohalobius"
"Methyloparacoccus","Bacteria","Proteobacteria","Gammaproteobacteria","Methylococcales","Methylococcaceae","Methyloparacoccus","Methyloparacoccus"
"Methylosphaera","Bacteria","Proteobacteria","Gammaproteobacteria","Methylococcales","Methylococcaceae","Methylosphaera","Methylosphaera"
"Alcanivorax","Bacteria","Proteobacteria","Gammaproteobacteria","Oceanospirillales","Alcanivoracaceae","Alcanivorax","Alcanivorax"
"Kangiella","Bacteria","Proteobacteria","Gammaproteobacteria","Oceanospirillales","Alcanivoracaceae","Kangiella","Kangiella"
"Endozoicomonas","Bacteria","Proteobacteria","Gammaproteobacteria","Oceanospirillales","Hahellaceae","Endozoicomonas","Endozoicomonas"
"Zooshikella","Bacteria","Proteobacteria","Gammaproteobacteria","Oceanospirillales","Hahellaceae","Zooshikella","Zooshikella"
"Litoricola","Bacteria","Proteobacteria","Gammaproteobacteria","Oceanospirillales","Litoricolaceae","Litoricola","Litoricola"
"Amphritea","Bacteria","Proteobacteria","Gammaproteobacteria","Oceanospirillales","Oceanospirillaceae","Amphritea","Amphritea"
"Balneatrix","Bacteria","Proteobacteria","Gammaproteobacteria","Oceanospirillales","Oceanospirillaceae","Balneatrix","Balneatrix"
"Bermanella","Bacteria","Proteobacteria","Gammaproteobacteria","Oceanospirillales","Oceanospirillaceae","Bermanella","Bermanella"
"Corallomonas","Bacteria","Proteobacteria","Gammaproteobacteria","Oceanospirillales","Oceanospirillaceae","Corallomonas","Corallomonas"
"Litoribacillus","Bacteria","Proteobacteria","Gammaproteobacteria","Oceanospirillales","Oceanospirillaceae","Litoribacillus","Litoribacillus"
"Litoribrevibacter","Bacteria","Proteobacteria","Gammaproteobacteria","Oceanospirillales","Oceanospirillaceae","Litoribrevibacter","Litoribrevibacter"
"Marinobacterium","Bacteria","Proteobacteria","Gammaproteobacteria","Oceanospirillales","Oceanospirillaceae","Marinobacterium","Marinobacterium"
"Marinomonas","Bacteria","Proteobacteria","Gammaproteobacteria","Oceanospirillales","Oceanospirillaceae","Marinomonas","Marinomonas"
"Motiliproteus","Bacteria","Proteobacteria","Gammaproteobacteria","Oceanospirillales","Oceanospirillaceae","Motiliproteus","Motiliproteus"
"Neptuniibacter","Bacteria","Proteobacteria","Gammaproteobacteria","Oceanospirillales","Oceanospirillaceae","Neptuniibacter","Neptuniibacter"
"Neptunomonas","Bacteria","Proteobacteria","Gammaproteobacteria","Oceanospirillales","Oceanospirillaceae","Neptunomonas","Neptunomonas"
"Nitrincola","Bacteria","Proteobacteria","Gammaproteobacteria","Oceanospirillales","Oceanospirillaceae","Nitrincola","Nitrincola"
"Oceaniserpentilla","Bacteria","Proteobacteria","Gammaproteobacteria","Oceanospirillales","Oceanospirillaceae","Oceaniserpentilla","Oceaniserpentilla"
"Oceanospirillum","Bacteria","Proteobacteria","Gammaproteobacteria","Oceanospirillales","Oceanospirillaceae","Oceanospirillum","Oceanospirillum"
"Oleispira","Bacteria","Proteobacteria","Gammaproteobacteria","Oceanospirillales","Oceanospirillaceae","Oleispira","Oleispira"
"Sinobacterium","Bacteria","Proteobacteria","Gammaproteobacteria","Oceanospirillales","Oceanospirillaceae","Sinobacterium","Sinobacterium"
"Spongiispira","Bacteria","Proteobacteria","Gammaproteobacteria","Oceanospirillales","Oceanospirillaceae","Spongiispira","Spongiispira"
"Thalassolituus","Bacteria","Proteobacteria","Gammaproteobacteria","Oceanospirillales","Oceanospirillaceae","Thalassolituus","Thalassolituus"
"Gynuella","Bacteria","Proteobacteria","Gammaproteobacteria","Oceanospirillales","Oceanospirillales_incertae_sedis","Gynuella","Gynuella"
"Pseudohongiella","Bacteria","Proteobacteria","Gammaproteobacteria","Oceanospirillales","Oceanospirillales_incertae_sedis","Pseudohongiella","Pseudohongiella"
"Oleiphilus","Bacteria","Proteobacteria","Gammaproteobacteria","Oceanospirillales","Oleiphilaceae","Oleiphilus","Oleiphilus"
"Saccharospirillum","Bacteria","Proteobacteria","Gammaproteobacteria","Oceanospirillales","Saccharospirillaceae","Saccharospirillum","Saccharospirillum"
"Salinispirillum","Bacteria","Proteobacteria","Gammaproteobacteria","Oceanospirillales","Saccharospirillaceae","Salinispirillum","Salinispirillum"
"Acinetobacter","Bacteria","Proteobacteria","Gammaproteobacteria","Pseudomonadales","Moraxellaceae","Acinetobacter","Acinetobacter"
"Enhydrobacter","Bacteria","Proteobacteria","Gammaproteobacteria","Pseudomonadales","Moraxellaceae","Enhydrobacter","Enhydrobacter"
"Faucicola","Bacteria","Proteobacteria","Gammaproteobacteria","Pseudomonadales","Moraxellaceae","Faucicola","Faucicola"
"Perlucidibaca","Bacteria","Proteobacteria","Gammaproteobacteria","Pseudomonadales","Moraxellaceae","Perlucidibaca","Perlucidibaca"
"Pseudomonas","Bacteria","Proteobacteria","Gammaproteobacteria","Pseudomonadales","Pseudomonadaceae","Pseudomonas","Pseudomonas"
"Serpens","Bacteria","Proteobacteria","Gammaproteobacteria","Pseudomonadales","Pseudomonadaceae","Serpens","Serpens"
"Thiopseudomonas","Bacteria","Proteobacteria","Gammaproteobacteria","Pseudomonadales","Pseudomonadaceae","Thiopseudomonas","Thiopseudomonas"
"Dasania","Bacteria","Proteobacteria","Gammaproteobacteria","Pseudomonadales","Pseudomonadales_incertae_sedis","Dasania","Dasania"
"Salinisphaera","Bacteria","Proteobacteria","Gammaproteobacteria","Salinisphaerales","Salinisphaeraceae","Salinisphaera","Salinisphaera"
"Francisella","Bacteria","Proteobacteria","Gammaproteobacteria","Thiotrichales","Francisellaceae","Francisella","Francisella"
"Galenea","Bacteria","Proteobacteria","Gammaproteobacteria","Thiotrichales","Piscirickettsiaceae","Galenea","Galenea"
"Methylophaga","Bacteria","Proteobacteria","Gammaproteobacteria","Thiotrichales","Piscirickettsiaceae","Methylophaga","Methylophaga"
"Beggiatoa","Bacteria","Proteobacteria","Gammaproteobacteria","Thiotrichales","Thiotrichaceae","Beggiatoa","Beggiatoa"
"Leucothrix","Bacteria","Proteobacteria","Gammaproteobacteria","Thiotrichales","Thiotrichaceae","Leucothrix","Leucothrix"
"Thiothrix","Bacteria","Proteobacteria","Gammaproteobacteria","Thiotrichales","Thiotrichaceae","Thiothrix","Thiothrix"
"Fangia","Bacteria","Proteobacteria","Gammaproteobacteria","Thiotrichales","Thiotrichales_incertae_sedis","Fangia","Fangia"
"Enterovibrio","Bacteria","Proteobacteria","Gammaproteobacteria","Vibrionales","Vibrionaceae","Enterovibrio","Enterovibrio"
"Lucibacterium","Bacteria","Proteobacteria","Gammaproteobacteria","Vibrionales","Vibrionaceae","Lucibacterium","Lucibacterium"
"Photobacterium","Bacteria","Proteobacteria","Gammaproteobacteria","Vibrionales","Vibrionaceae","Photobacterium","Photobacterium"
"Vibrio","Bacteria","Proteobacteria","Gammaproteobacteria","Vibrionales","Vibrionaceae","Vibrio","Vibrio"
"Povalibacter","Bacteria","Proteobacteria","Gammaproteobacteria","Xanthomonadales","Sinobacteraceae","Povalibacter","Povalibacter"
"Steroidobacter","Bacteria","Proteobacteria","Gammaproteobacteria","Xanthomonadales","Sinobacteraceae","Steroidobacter","Steroidobacter"
"Chiayiivirga","Bacteria","Proteobacteria","Gammaproteobacteria","Xanthomonadales","Xanthomonadaceae","Chiayiivirga","Chiayiivirga"
"Mizugakiibacter","Bacteria","Proteobacteria","Gammaproteobacteria","Xanthomonadales","Xanthomonadaceae","Mizugakiibacter","Mizugakiibacter"
"Silanimonas","Bacteria","Proteobacteria","Gammaproteobacteria","Xanthomonadales","Xanthomonadaceae","Silanimonas","Silanimonas"
"Stenotrophomonas","Bacteria","Proteobacteria","Gammaproteobacteria","Xanthomonadales","Xanthomonadaceae","Stenotrophomonas","Stenotrophomonas"
"Oligoflexus","Bacteria","Proteobacteria","Oligoflexia","Oligoflexales","Oligoflexaceae","Oligoflexus","Oligoflexus"
"Brevinema","Bacteria","Spirochaetes","Spirochaetia","Spirochaetales","Brevinemataceae","Brevinema","Brevinema"
"Leptonema","Bacteria","Spirochaetes","Spirochaetia","Spirochaetales","Leptospiraceae","Leptonema","Leptonema"
"Aminomonas","Bacteria","Synergistetes","Synergistia","Synergistales","Synergistaceae","Aminomonas","Aminomonas"
"Mycoplasma","Bacteria","Tenericutes","Mollicutes","Mycoplasmatales","Mycoplasmataceae","Mycoplasma","Mycoplasma"
"Mesoaciditoga","Bacteria","Thermotogae","Thermotogae","Thermotogales","Thermotogaceae","Mesoaciditoga","Mesoaciditoga"
"Opitutus","Bacteria","Verrucomicrobia","Opitutae","Opitutales","Opitutaceae","Opitutus","Opitutus"
"Cerasicoccus","Bacteria","Verrucomicrobia","Opitutae","Puniceicoccales","Puniceicoccaceae","Cerasicoccus","Cerasicoccus"
"Coraliomargarita","Bacteria","Verrucomicrobia","Opitutae","Puniceicoccales","Puniceicoccaceae","Coraliomargarita","Coraliomargarita"
"Pelagicoccus","Bacteria","Verrucomicrobia","Opitutae","Puniceicoccales","Puniceicoccaceae","Pelagicoccus","Pelagicoccus"
"Puniceicoccus","Bacteria","Verrucomicrobia","Opitutae","Puniceicoccales","Puniceicoccaceae","Puniceicoccus","Puniceicoccus"
"Spartobacteria_genera_incertae_sedis","Bacteria","Verrucomicrobia","Spartobacteria","Spartobacteria_genera_incertae_sedis","Spartobacteria_genera_incertae_sedis","Spartobacteria_genera_incertae_sedis","Spartobacteria_genera_incertae_sedis"
"Terrimicrobium","Bacteria","Verrucomicrobia","Spartobacteria","Terrimicrobium","Terrimicrobium","Terrimicrobium","Terrimicrobium"
"Limisphaera","Bacteria","Verrucomicrobia","Subdivision3","Limisphaera","Limisphaera","Limisphaera","Limisphaera"
"Subdivision3_genera_incertae_sedis","Bacteria","Verrucomicrobia","Subdivision3","Subdivision3_genera_incertae_sedis","Subdivision3_genera_incertae_sedis","Subdivision3_genera_incertae_sedis","Subdivision3_genera_incertae_sedis"
"Rubritalea","Bacteria","Verrucomicrobia","Verrucomicrobiae","Verrucomicrobiales","Rubritaleaceae","Rubritalea","Rubritalea"
"Brevifollis","Bacteria","Verrucomicrobia","Verrucomicrobiae","Verrucomicrobiales","Verrucomicrobiaceae","Brevifollis","Brevifollis"
"Haloferula","Bacteria","Verrucomicrobia","Verrucomicrobiae","Verrucomicrobiales","Verrucomicrobiaceae","Haloferula","Haloferula"
"Luteolibacter","Bacteria","Verrucomicrobia","Verrucomicrobiae","Verrucomicrobiales","Verrucomicrobiaceae","Luteolibacter","Luteolibacter"
"Persicirhabdus","Bacteria","Verrucomicrobia","Verrucomicrobiae","Verrucomicrobiales","Verrucomicrobiaceae","Persicirhabdus","Persicirhabdus"
"Prosthecobacter","Bacteria","Verrucomicrobia","Verrucomicrobiae","Verrucomicrobiales","Verrucomicrobiaceae","Prosthecobacter","Prosthecobacter"
"Roseibacillus","Bacteria","Verrucomicrobia","Verrucomicrobiae","Verrucomicrobiales","Verrucomicrobiaceae","Roseibacillus","Roseibacillus"
"Verrucomicrobium","Bacteria","Verrucomicrobia","Verrucomicrobiae","Verrucomicrobiales","Verrucomicrobiaceae","Verrucomicrobium","Verrucomicrobium"
