"","WGA10","WGA12","WGA13","WGA18","WGA19","WGA20","WGA25","WGA26","WGA27","WGA3","WGA32","WGA33","WGA34","WGA39","WGA4","WGA40","WGA41","WGA45","WGA46","WGA48","WGA5","WGA53","WGA54","WGA55"
"Otu6",2895,245,3,279,431,636,130,38,1403,1481,6,77,1587,1737,770,73,9899,1968,288,2241,426,128,7799,1935
"Otu1813",0,0,0,0,0,0,0,0,0,0,0,0,0,0,0,0,0,0,0,0,0,0,0,0
"Otu1484",0,0,0,0,0,0,0,0,0,0,0,0,0,0,0,0,0,0,0,0,0,0,0,0
"Otu387",0,0,9,0,0,0,0,0,0,13,0,0,16,0,0,0,0,0,0,0,0,0,0,0
"Otu234",0,0,42,0,0,0,0,0,0,0,0,0,0,61,52,0,0,0,0,0,3,0,0,0
"Otu1757",0,0,0,0,0,0,0,0,0,0,0,0,0,0,0,0,0,0,0,0,0,0,0,0
"Otu68",808,193,427,0,0,0,2,1,1,98,123,0,1,2321,100,0,1,0,868,0,453,1081,0,0
"Otu718",0,0,0,0,0,0,0,0,0,0,0,0,0,0,0,0,0,0,0,1,0,0,0,0
"Otu160",0,0,0,1,4,1,0,0,0,24,0,0,101,9,2,1,0,0,0,4,0,0,85,1
"Otu1203",0,0,0,0,0,0,0,0,0,0,0,0,0,0,0,0,0,0,0,0,0,0,0,0
"Otu694",0,0,0,0,0,0,0,0,0,0,0,0,0,0,0,0,0,0,0,0,0,0,0,0
"Otu692",0,0,0,0,0,0,0,0,0,0,0,0,0,0,0,0,0,0,0,0,0,0,0,0
"Otu49",326,28,41,24,82,399,314,8,335,879,0,0,74,8,952,0,37,230,9,23,309,126,95,992
"Otu562",0,0,0,0,0,0,0,0,0,0,0,21,0,0,0,0,3,7,0,0,0,0,0,0
"Otu985",0,0,0,0,0,0,0,0,0,0,0,0,0,0,0,0,0,0,0,0,0,0,0,0
"Otu2229",0,0,0,0,0,0,0,0,0,0,0,0,0,0,0,0,0,0,0,0,0,0,0,0
"Otu488",0,0,0,0,0,0,0,7,0,0,0,0,0,0,0,0,0,0,0,0,53,0,0,0
"Otu941",0,0,0,0,0,0,0,0,0,0,0,0,0,0,0,0,0,0,0,0,0,0,0,0
"Otu907",0,0,0,0,0,0,0,0,0,0,0,0,0,0,0,0,0,0,0,0,0,0,0,0
"Otu940",0,0,0,0,0,0,0,0,0,0,0,0,0,0,0,0,0,0,0,0,0,0,0,0
"Otu919",0,0,0,0,0,0,0,0,0,0,0,0,0,0,0,0,0,0,0,0,0,0,0,0
"Otu967",0,0,0,0,0,0,0,0,0,0,0,0,0,0,0,0,0,0,0,0,0,0,0,0
"Otu95",1,0,11,12,0,0,0,4,76,217,0,0,0,0,304,0,18,0,0,448,96,0,0,0
"Otu83",1283,1221,1087,0,0,70,0,6,0,33,0,0,0,0,52,1506,0,0,0,0,3671,5,0,0
"Otu2",17550,8176,5305,11449,4579,2421,4192,405,9442,39831,453,536,16577,10543,18752,2757,161,8872,6351,8205,13277,2881,3720,2467
"Otu57",0,22,0,10,0,108,0,17,9,1276,0,0,0,0,276,0,0,0,1,230,79,159,0,0
"Otu90",0,181,5,0,0,0,0,0,0,0,0,0,0,0,0,0,0,0,889,0,8,0,0,0
"Otu1060",0,0,0,0,0,0,0,0,0,0,0,0,0,0,0,0,0,0,0,0,0,0,0,0
"Otu725",0,0,0,0,0,0,0,0,0,0,0,0,0,0,0,0,0,0,0,0,0,0,0,0
"Otu1177",0,0,0,0,0,0,0,0,0,0,0,0,0,0,0,0,0,0,0,0,0,0,0,0
"Otu1156",0,0,0,0,0,0,0,0,0,0,0,0,0,0,0,0,0,0,0,0,0,0,0,0
"Otu253",0,0,0,0,0,0,1,0,0,0,0,0,0,0,0,0,0,8,3,0,0,0,0,0
"Otu26",0,0,0,421,88,0,0,0,0,0,0,0,0,0,1,0,0,0,0,0,36,0,0,0
"Otu195",0,0,0,0,3,0,1,1,0,9,0,0,0,0,0,0,13,0,1,0,13,0,0,0
"Otu431",0,0,0,0,0,0,0,0,0,0,0,0,0,0,0,0,0,0,0,0,0,0,0,0
"Otu1166",0,0,0,0,0,0,0,0,0,0,0,0,0,0,0,0,0,0,0,0,0,0,0,0
"Otu37",10,71,294,0,0,0,0,0,0,203,0,1,1,9776,2,0,5,0,0,0,0,0,0,0
"Otu496",0,0,0,0,0,0,0,0,0,0,0,0,0,0,0,0,0,0,0,0,0,0,0,0
"Otu961",0,0,0,0,0,0,0,0,0,0,0,0,0,0,0,0,0,0,0,0,0,0,0,0
"Otu1831",0,0,0,0,0,0,0,0,0,0,0,0,0,0,0,0,0,0,0,0,0,0,0,0
"Otu196",0,0,1,0,0,0,2,0,0,0,0,0,0,0,0,0,0,0,508,0,0,0,0,0
"Otu749",0,0,0,0,0,0,0,0,0,0,0,0,0,0,0,0,0,0,0,0,0,0,0,0
"Otu771",0,0,0,0,0,0,0,0,0,0,0,0,0,0,0,0,0,0,0,0,0,0,0,0
"Otu250",0,0,0,0,0,0,0,0,0,0,0,0,0,0,0,0,0,0,0,0,0,0,0,0
"Otu688",0,0,0,0,0,0,0,0,0,0,0,0,0,0,0,0,0,0,0,0,0,0,0,0
"Otu1083",0,0,0,0,0,0,0,0,0,0,0,0,0,0,0,0,0,0,0,0,0,0,0,0
"Otu1539",0,0,0,0,0,0,0,0,0,0,0,0,0,0,0,0,0,0,0,0,0,0,0,0
"Otu1527",0,0,0,0,0,0,0,0,0,0,0,0,0,0,0,0,0,0,0,0,0,0,0,0
"Otu421",1,0,0,0,0,0,0,0,0,0,0,0,0,0,0,0,0,0,0,1,0,0,12,5
"Otu1176",0,0,0,0,0,0,0,0,0,0,0,0,0,0,0,0,0,0,0,0,0,0,0,0
"Otu2058",0,0,0,0,0,0,0,0,0,0,0,0,0,0,0,0,0,0,0,0,0,0,0,0
"Otu1515",0,0,0,0,0,0,0,0,0,0,0,0,0,0,0,0,0,0,0,0,0,0,0,0
"Otu1066",0,0,0,0,0,0,0,0,0,0,0,0,0,0,0,0,0,0,0,0,0,0,0,0
"Otu1127",0,0,0,0,0,0,0,0,0,0,0,0,0,0,0,0,0,0,0,0,0,0,0,0
"Otu1358",0,0,0,0,0,0,0,0,0,0,0,0,0,0,0,0,0,0,0,0,0,0,0,0
"Otu1580",0,0,0,0,0,0,0,0,0,0,0,0,0,0,0,0,0,0,0,0,0,0,0,0
"Otu1498",0,0,0,0,0,0,0,0,0,0,0,0,0,0,0,0,0,0,0,0,0,0,0,0
"Otu1028",0,0,0,0,0,0,0,0,0,0,0,0,0,0,0,0,0,0,0,0,0,0,0,0
"Otu1186",0,0,0,0,0,0,0,0,0,0,0,0,0,0,0,0,0,0,0,0,0,0,0,0
"Otu310",0,0,0,0,0,0,0,0,0,0,0,0,0,0,0,0,0,0,0,0,0,0,0,0
"Otu370",0,0,0,0,0,0,0,0,0,0,0,0,0,0,0,0,0,0,0,0,0,0,0,0
"Otu1835",0,0,0,0,0,0,0,0,0,0,0,0,0,0,0,0,0,0,0,0,0,0,0,0
"Otu1606",0,0,0,0,0,0,0,0,0,0,0,0,0,0,0,0,0,0,0,0,0,0,0,0
"Otu255",0,0,0,0,0,0,0,0,0,0,0,0,0,0,0,0,0,0,0,0,0,0,0,0
"Otu2219",0,0,0,0,0,0,0,0,0,0,0,0,0,0,0,0,0,0,0,0,0,0,0,0
"Otu580",0,0,0,0,0,0,0,0,0,0,0,0,0,0,0,0,0,0,0,0,0,0,0,0
"Otu1185",0,0,0,0,0,0,0,0,0,0,0,0,0,0,0,0,0,0,0,0,0,0,0,0
"Otu102",0,0,0,0,0,0,0,0,0,0,0,0,0,0,0,0,0,0,0,0,0,0,0,0
"Otu944",0,0,0,0,0,0,0,0,0,0,0,0,0,0,0,0,0,0,0,0,0,0,0,0
"Otu1301",0,0,0,0,6,0,0,0,0,0,0,0,0,0,0,0,0,0,0,0,0,0,29,0
"Otu1582",0,0,0,0,0,0,0,0,0,0,0,0,0,0,0,0,0,0,0,0,0,0,0,0
"Otu744",0,0,0,0,0,0,0,0,0,0,0,0,0,0,0,0,0,0,0,0,0,0,0,0
"Otu571",0,0,0,0,0,0,0,0,0,0,0,0,0,0,0,0,0,0,0,0,0,0,0,0
"Otu1795",0,0,0,0,0,0,0,0,0,0,0,0,0,0,0,0,0,0,0,0,0,0,0,0
"Otu1139",0,0,0,0,0,0,0,0,0,0,0,0,0,0,0,0,0,0,0,0,0,0,0,0
"Otu483",0,0,0,0,0,0,0,0,0,0,0,0,0,0,0,0,0,0,0,0,0,0,0,0
"Otu826",0,0,0,0,0,0,0,0,0,0,0,0,0,0,0,0,0,0,0,0,1,0,0,0
"Otu120",369,0,794,0,0,0,0,0,15,0,0,0,0,0,0,0,0,983,0,0,0,0,0,0
"Otu1237",0,0,0,0,0,0,0,0,0,0,0,0,0,0,0,0,0,0,0,0,0,0,0,0
"Otu756",0,0,0,0,0,0,0,0,0,0,0,0,0,0,0,0,0,0,0,0,0,0,0,0
"Otu1554",0,0,0,0,0,0,0,0,0,0,0,0,0,0,0,0,0,0,0,0,0,0,0,0
"Otu779",9,0,0,0,0,0,0,0,0,0,0,0,0,0,0,0,0,0,0,0,0,0,0,0
"Otu887",0,0,0,0,0,0,0,0,0,0,0,0,0,0,0,0,0,0,0,0,0,0,0,0
"Otu20",0,0,0,0,0,210,145,1,0,2014,1,46,686,1,13,5,0,0,0,111,11,1885,0,320
"Otu5",366,2749,1667,1060,208,49,398,16,2571,10334,0,936,1,0,2541,349,1945,443,10874,1198,7083,1091,3675,1302
"Otu752",0,0,0,0,6,0,0,0,0,0,0,0,0,0,0,0,0,0,0,0,0,0,0,0
"Otu7",6241,1951,1684,176,0,1,3437,0,2919,43002,0,0,0,0,17700,0,0,0,0,0,8807,0,0,0
"Otu185",0,0,0,0,0,0,0,0,0,1,0,0,0,0,0,0,0,0,0,4,1,2,5,0
"Otu136",0,0,0,0,0,0,0,0,0,0,0,0,0,0,2,0,0,0,0,0,0,0,0,0
"Otu429",0,0,0,0,0,0,0,0,0,0,0,0,0,0,0,0,0,0,0,0,0,0,0,0
"Otu1288",0,0,0,0,0,0,0,0,0,0,0,0,0,0,0,0,0,0,0,0,0,0,0,0
"Otu30",2072,66,12,0,0,0,0,0,74,4066,0,0,0,14,125,96,0,0,2371,1,398,235,2477,3641
"Otu827",0,0,0,0,0,0,3,0,0,0,0,0,0,13,1,0,0,0,2,0,0,0,0,0
"Otu736",0,0,0,0,0,0,0,0,0,0,0,0,0,0,0,0,0,0,0,0,0,0,0,0
"Otu54",4,0,0,0,0,0,1,0,0,0,0,0,0,0,0,0,5,0,3,0,1,0,0,0
"Otu1053",0,0,0,0,0,0,0,0,22,0,0,0,0,0,0,0,0,0,0,0,0,0,0,0
"Otu98",64,0,47,37,0,330,0,11,1,2218,150,240,0,0,106,0,5,27,0,229,323,17,0,352
"Otu4",22056,1033,4046,26200,10693,4130,7289,561,14402,29672,49,6363,305,4061,7243,1004,9683,3338,10960,1821,6326,8538,2637,5995
"Otu36",0,50,236,0,0,0,0,1,15,104,1,3,0,491,143,0,2,0,1126,0,333,0,0,22
"Otu85",0,2,2,0,247,0,0,0,5,0,0,0,0,305,0,0,0,0,0,0,0,0,0,0
