"","Kingdom","phyla","class","family","genus","species","strain"
"Otu6","Bacteria","Proteobacteria","Alphaproteobacteria","SAR11",NA,NA,NA
"Otu1813","Bacteria","Verrucomicrobia","Opitutae","Opitutales",NA,NA,NA
"Otu1484","Bacteria","Proteobacteria","Gammaproteobacteria","Thiotrichales",NA,NA,NA
"Otu387","Bacteria","Proteobacteria","Alphaproteobacteria","Sphingomonadales",NA,NA,NA
"Otu234","Bacteria","Proteobacteria","Alphaproteobacteria","Kordiimonadales",NA,NA,NA
"Otu1757","Bacteria","Proteobacteria","Alphaproteobacteria","Alphaproteobacteria_incertae_sedis",NA,NA,NA
"Otu68","Bacteria","Proteobacteria","Alphaproteobacteria","Rhodobacterales",NA,NA,NA
"Otu718","Bacteria","Proteobacteria","Alphaproteobacteria","Parvularculales",NA,NA,NA
"Otu160","Bacteria","Proteobacteria","Alphaproteobacteria","Rhizobiales",NA,NA,NA
"Otu1203","Bacteria","Proteobacteria","Alphaproteobacteria","Sneathiellales",NA,NA,NA
"Otu694","Bacteria","Proteobacteria","Alphaproteobacteria","Kiloniellales",NA,NA,NA
"Otu692","Bacteria","Proteobacteria","Alphaproteobacteria","Rickettsiales",NA,NA,NA
"Otu49","Bacteria","Proteobacteria","Alphaproteobacteria","Rhodospirillales",NA,NA,NA
"Otu562","Bacteria","Proteobacteria","Alphaproteobacteria","Caulobacterales",NA,NA,NA
"Otu985","Bacteria","Proteobacteria","Deltaproteobacteria","Desulfobacterales",NA,NA,NA
"Otu2229","Bacteria","Proteobacteria","Deltaproteobacteria","Syntrophobacterales",NA,NA,NA
"Otu488","Bacteria","Firmicutes","Clostridia","Clostridiales",NA,NA,NA
"Otu941","Bacteria","Chlamydiae","Chlamydiia","Chlamydiales",NA,NA,NA
"Otu907","Bacteria","Proteobacteria","Deltaproteobacteria","Desulfovibrionales",NA,NA,NA
"Otu940","Bacteria","Proteobacteria","Deltaproteobacteria","Deltaproteobacteria_incertae_sedis",NA,NA,NA
"Otu919","Bacteria","Proteobacteria","Oligoflexia","Oligoflexales",NA,NA,NA
"Otu967","Bacteria","Deferribacteres","Deferribacteres","Deferribacterales",NA,NA,NA
"Otu95","Bacteria","Bacteroidetes","Sphingobacteriia","Sphingobacteriales",NA,NA,NA
"Otu83","Bacteria","Bacteroidetes","Cytophagia","Cytophagales",NA,NA,NA
"Otu2","Bacteria","Bacteroidetes","Flavobacteriia","Flavobacteriales",NA,NA,NA
"Otu57","Bacteria","Bacteroidetes","Bacteroidia","Bacteroidales",NA,NA,NA
"Otu90","Bacteria","Bacteroidetes","Bacteroidetes_incertae_sedis","Marinifilum",NA,NA,NA
"Otu1060","Bacteria","Ignavibacteriae","Ignavibacteria","Ignavibacteriales",NA,NA,NA
"Otu725","Bacteria","Synergistetes","Synergistia","Synergistales",NA,NA,NA
"Otu1177","Bacteria","Aquificae","Aquificae","Aquificales",NA,NA,NA
"Otu1156","Bacteria","Actinobacteria","Actinobacteria","Solirubrobacterales",NA,NA,NA
"Otu253","Bacteria","Actinobacteria","Actinobacteria","Acidimicrobiales",NA,NA,NA
"Otu26","Bacteria","candidate division WPS-2","WPS-2_genera_incertae_sedis","WPS-2_genera_incertae_sedis",NA,NA,NA
"Otu195","Bacteria","Actinobacteria","Actinobacteria","Actinomycetales",NA,NA,NA
"Otu431","Bacteria","candidate division ZB3","ZB3_genera_incertae_sedis","ZB3_genera_incertae_sedis",NA,NA,NA
"Otu1166","Bacteria","Verrucomicrobia","Spartobacteria","Terrimicrobium",NA,NA,NA
"Otu37","Bacteria","Verrucomicrobia","Verrucomicrobiae","Verrucomicrobiales",NA,NA,NA
"Otu496","Bacteria","Verrucomicrobia","Subdivision3","Subdivision3_genera_incertae_sedis",NA,NA,NA
"Otu961","Bacteria","Hydrogenedentes","Candidatus Hydrogenedens","Candidatus Hydrogenedens",NA,NA,NA
"Otu1831","Bacteria","Firmicutes","Clostridia","Halanaerobiales",NA,NA,NA
"Otu196","Bacteria","Verrucomicrobia","Opitutae","Puniceicoccales",NA,NA,NA
"Otu749","Bacteria","Lentisphaerae","Lentisphaeria","Victivallales",NA,NA,NA
"Otu771","Bacteria","Lentisphaerae","Oligosphaeria","Oligosphaerales",NA,NA,NA
"Otu250","Bacteria","Lentisphaerae","Lentisphaeria","Lentisphaerales",NA,NA,NA
"Otu688","Bacteria","Planctomycetes","Planctomycetia","Candidatus Brocadiales",NA,NA,NA
"Otu1083","Bacteria","Planctomycetes","Phycisphaerae","Phycisphaerales",NA,NA,NA
"Otu1539","Bacteria","Proteobacteria","Betaproteobacteria","Chitinivorax",NA,NA,NA
"Otu1527","Bacteria","Poribacteria","Poribacteria_genera_incertae_sedis","Poribacteria_genera_incertae_sedis",NA,NA,NA
"Otu421","Bacteria","Planctomycetes","Planctomycetia","Planctomycetales",NA,NA,NA
"Otu1176","Bacteria","Latescibacteria","Latescibacteria_genera_incertae_sedis","Latescibacteria_genera_incertae_sedis",NA,NA,NA
"Otu2058","Bacteria","Omnitrophica","Omnitrophica_genera_incertae_sedis","Omnitrophica_genera_incertae_sedis",NA,NA,NA
"Otu1515","Bacteria","Nitrospinae","Nitrospinia","Nitrospinales",NA,NA,NA
"Otu1066","Bacteria","Firmicutes","Negativicutes","Selenomonadales",NA,NA,NA
"Otu1127","Bacteria","Firmicutes","Clostridia","Natranaerobiales",NA,NA,NA
"Otu1358","Bacteria","Firmicutes","Clostridia","Thermoanaerobacterales",NA,NA,NA
"Otu1580","Bacteria","Thermotogae","Thermotogae","Thermotogales",NA,NA,NA
"Otu1498","Bacteria","BRC1","BRC1_genera_incertae_sedis","BRC1_genera_incertae_sedis",NA,NA,NA
"Otu1028","Bacteria","Chloroflexi","Caldilineae","Caldilineales",NA,NA,NA
"Otu1186","Bacteria","Parcubacteria","Parcubacteria_genera_incertae_sedis","Parcubacteria_genera_incertae_sedis",NA,NA,NA
"Otu310","Archaea","Euryarchaeota","Thermoplasmata","Methanomassiliicoccales",NA,NA,NA
"Otu370","Archaea","Euryarchaeota","Archaeoglobi","Archaeoglobales",NA,NA,NA
"Otu1835","Archaea","Pacearchaeota","Pacearchaeota Incertae Sedis AR13","Pacearchaeota Incertae Sedis AR13",NA,NA,NA
"Otu1606","Archaea","Woesearchaeota","Woesearchaeota Incertae Sedis AR15","Woesearchaeota Incertae Sedis AR15",NA,NA,NA
"Otu255","Archaea","Thaumarchaeota","Nitrosopumilales","Nitrosopumilales",NA,NA,NA
"Otu2219","Bacteria","Chloroflexi","Anaerolineae","Anaerolineales",NA,NA,NA
"Otu580","Bacteria","Fusobacteria","Fusobacteriia","Fusobacteriales",NA,NA,NA
"Otu1185","Bacteria","Tenericutes","Mollicutes","Mycoplasmatales",NA,NA,NA
"Otu102","Bacteria","Marinimicrobia","Marinimicrobia_genera_incertae_sedis","Marinimicrobia_genera_incertae_sedis",NA,NA,NA
"Otu944","Bacteria","Firmicutes","Erysipelotrichia","Erysipelotrichales",NA,NA,NA
"Otu1301","Bacteria","Firmicutes","Bacilli","Bacillales",NA,NA,NA
"Otu1582","Bacteria","Firmicutes","Bacilli","Lactobacillales",NA,NA,NA
"Otu744","Bacteria","Nitrospirae","Nitrospira","Nitrospirales",NA,NA,NA
"Otu571","Bacteria","Acidobacteria","Acidobacteria_Gp3","Paludibaculum",NA,NA,NA
"Otu1795","Bacteria","Candidatus Calescamantes","Candidatus Calescibacterium","Candidatus Calescibacterium",NA,NA,NA
"Otu1139","Bacteria","Acidobacteria","Acidobacteria_Gp23","Thermoanaerobaculum",NA,NA,NA
"Otu483","Bacteria","Proteobacteria","Deltaproteobacteria","Desulfuromonadales",NA,NA,NA
"Otu826","Bacteria","Proteobacteria","Deltaproteobacteria","Myxococcales",NA,NA,NA
"Otu120","Bacteria","Proteobacteria","Deltaproteobacteria","Bdellovibrionales",NA,NA,NA
"Otu1237","Bacteria","Acidobacteria","Acidobacteria_Gp3","Bryobacter",NA,NA,NA
"Otu756","Bacteria","Acidobacteria","Holophagae","Acanthopleuribacterales",NA,NA,NA
"Otu1554","Bacteria","Acidobacteria","Acidobacteria_Gp22","Gp22",NA,NA,NA
"Otu779","Bacteria","Acidobacteria","Acidobacteria_Gp10","Gp10",NA,NA,NA
"Otu887","Bacteria","Proteobacteria","Deltaproteobacteria","Bradymonadales",NA,NA,NA
"Otu20","Bacteria","Proteobacteria","Epsilonproteobacteria","Campylobacterales",NA,NA,NA
"Otu5","Bacteria","Proteobacteria","Gammaproteobacteria","Alteromonadales",NA,NA,NA
"Otu752","Bacteria","Proteobacteria","Gammaproteobacteria","Enterobacteriales",NA,NA,NA
"Otu7","Bacteria","Proteobacteria","Gammaproteobacteria","Vibrionales",NA,NA,NA
"Otu185","Bacteria","Proteobacteria","Betaproteobacteria","Burkholderiales",NA,NA,NA
"Otu136","Bacteria","Proteobacteria","Betaproteobacteria","Rhodocyclales",NA,NA,NA
"Otu429","Bacteria","Proteobacteria","Betaproteobacteria","Gallionellales",NA,NA,NA
"Otu1288","Bacteria","Proteobacteria","Betaproteobacteria","Nitrosomonadales",NA,NA,NA
"Otu30","Bacteria","Proteobacteria","Betaproteobacteria","Methylophilales",NA,NA,NA
"Otu827","Bacteria","Proteobacteria","Gammaproteobacteria","Xanthomonadales",NA,NA,NA
"Otu736","Bacteria","Proteobacteria","Gammaproteobacteria","Legionellales",NA,NA,NA
"Otu54","Bacteria","Proteobacteria","Gammaproteobacteria","Chromatiales",NA,NA,NA
"Otu1053","Bacteria","Proteobacteria","Gammaproteobacteria","Arenicellales",NA,NA,NA
"Otu98","Bacteria","Proteobacteria","Gammaproteobacteria","Gammaproteobacteria_incertae_sedis",NA,NA,NA
"Otu4","Bacteria","Proteobacteria","Gammaproteobacteria","Oceanospirillales",NA,NA,NA
"Otu36","Bacteria","Proteobacteria","Gammaproteobacteria","Pseudomonadales",NA,NA,NA
"Otu85","Bacteria","Proteobacteria","Gammaproteobacteria","Methylococcales",NA,NA,NA
